{"0": {"level 1": [0.5068128311786814, 1.0, 0.6084992191284287, 1.0, 1.0, 0.5926501010879637, 0.45375035639514283, 0.5803643555236756, 1.0, 0.48676320342125245, 0.5427403578770096, 0.40642047488061167, 0.5317980865361747, 0.5169026223258851, 0.40132892663188613, 0.5738639953768585, 0.4463909485631138, 0.34391223641614305, 1.0, 0.48628196351696923, 0.3650140066302161, 1.0, 0.6084992191284287, 0.5213811132953641, 0.4897085745656078, 0.4892072916734805, 0.47852700124021, 0.6677874049009525, 0.5295820112812958, 1.0], "level 2": [1.0, 1.0, 0.6408523484668276, 1.0, 1.0, 1.0, 1.0, 0.5612768918377453, 1.0, 1.0, 0.49228762529909, 0.6057213362821898, 0.6283656006268293, 0.4348183554046883, 0.5284615955264707, 0.5723557685538536, 1.0, 0.6366967230702197, 1.0, 0.4860276957442058, 1.0, 1.0, 0.5413389013158658, 1.0, 0.4807567021474203, 0.5637239081790633, 0.5757362865877982, 0.6008413266929479, 1.0, 0.5924647013248412], "level 3": [1.0, 1.0, 1.0, 1.0, 0.894338873068057, 1.0, 1.0, 1.0, 1.0, 1.0, 1.0, 1.0, 0.6322067807674362, 1.0, 1.0, 1.0, 1.0, 1.0, 1.0, 1.0, 1.0, 1.0, 1.0, 1.0, 1.0, 1.0, 1.0, 0.6322067807674362, 1.0, 1.0]}, "1": {"level 1": [0.29586961447244375, 0.36981290268782496, 0.30013935632062005, 0.30513493069330466, 0.2364346465914694, 0.30386191336828994, 0.3467767972789691, 0.39355989072329567, 0.3105568190958496, 0.2757443597388748, 0.34792387922786844, 1.0, 0.3186111083133383, 0.30018352667763876, 0.2896439786449072, 0.29547013327199934, 0.30571870059045975, 0.2812178937770119, 0.2785776773029386, 0.393170429879496, 0.4495378909761025, 0.4352373359562566, 0.30017370622166767, 0.35947749333295986, 0.33727453744522917, 0.3181550626012194, 0.33222142987454684, 0.3918293179224326, 0.24901809641935108, 0.27626731198070476], "level 2": [0.5833800578525703, 0.44550515526939694, 0.4415568407253887, 0.6204893634872815, 0.3119207854017504, 0.6000489976706335, 0.3750646942746112, 0.41218660374653543, 0.2994905687190834, 0.3329733654151558, 0.483650457891391, 1.0, 0.5470610029872954, 1.0, 0.39054267294396106, 1.0, 1.0, 0.3598438389641716, 0.43391879225091534, 0.45162497058742157, 0.6824574793674738, 0.48499436345470437, 1.0, 0.41784025621229937, 1.0, 1.0, 1.0, 1.0, 0.46310588726084756, 1.0], "level 3": [0.5789777400218953, 0.5451694451595999, 0.5101644175837042, 1.0, 1.0, 0.5375057887212422, 0.49916244199193793, 1.0, 1.0, 0.47817569913299396, 0.46422141885404755, 1.0, 1.0, 1.0, 1.0, 1.0, 1.0, 1.0, 0.5899828723001919, 0.6653294381718595, 0.5575429518023576, 0.5489885839109957, 0.4083160497762011, 0.4991208539059173, 0.6154386208333908, 1.0, 1.0, 1.0, 0.5510009586293754, 0.5247036168292674]}, "2": {"level 1": [0.42187200183102436, 0.44067845617348594, 0.6932440151396344, 0.433605671897925, 0.48166939527264335, 0.4543983554136731, 0.4812129992940854, 0.5092182207113596, 0.401298111411041, 0.48166939527264335, 0.5026195894296781, 0.4369544818034853, 0.48888278881614544, 0.4992229635593964, 0.44463177989221603, 0.4401953190683662, 0.4786681338563483, 0.45130074233761636, 0.4932315129047866, 0.4941183494048531, 0.4276474477784664, 0.4801067810914267, 0.4666049308879183, 0.3967242120164499, 0.4786623394902928, 0.4093583164759627, 0.44909565426420417, 0.5102899091617182, 0.49464566969902624, 0.4786623394902928], "level 2": [0.43111957455833916, 0.3705526092776674, 0.4219025917620579, 0.5240941103952296, 0.4823636218990919, 0.4142394705140393, 0.4513501778992073, 0.4514816750261047, 0.45921822071135954, 0.47119285889049095, 0.4475108281778555, 0.4522234720300272, 0.471603111427209, 0.3993907289386055, 0.47119285889049095, 0.41864056239864866, 0.4611365301590616, 0.4516767021325659, 0.562566522145551, 0.4612372420408666, 0.4142394705140393, 0.4911365301590616, 0.5312927602202588, 0.4214816750261047, 0.4813501778992073, 0.4447112900785559, 0.46925781307485337, 0.5214372422027844, 0.5090653961834133, 0.43919361663061784], "level 3": [1.0, 1.0, 1.0, 1.0, 1.0, 0.5009745918060533, 0.5851100290795818, 0.5237145213385409, 0.5696463576971849, 0.5172629084353151, 1.0, 0.7020866877331295, 1.0, 1.0, 1.0, 1.0, 1.0, 1.0, 1.0, 1.0, 1.0, 1.0, 1.0, 1.0, 1.0, 1.0, 1.0, 1.0, 0.533884397094944, 1.0]}, "3": {"level 1": [0.28599476408026525, 0.27238698895405333, 0.23815860920586643, 0.22762107067148868, 0.2737476595709328, 0.342137380670243, 0.22101371005194784, 0.2243238481646569, 0.3363738626612826, 0.2639770492995984, 0.2553186979761959, 0.23606592662688164, 0.2452432906953388, 0.22955985144596477, 0.20554175324886925, 0.2590654102509419, 0.26877582646182224, 0.21034620548598, 0.2191446037148138, 0.2233920220598838, 0.21853995551298483, 0.2916019090911033, 0.22184630024227273, 0.20152098889224662, 0.2229695098676406, 0.27128778084715666, 0.2733465083040805, 0.30681782901831034, 0.33064325769085834, 0.33736200802764443], "level 2": [0.24748278936881318, 0.41944346582381975, 0.27258367985101956, 0.2032477386379164, 0.2598277549995455, 0.2158420396548263, 0.26706714407125054, 0.23078342208255692, 0.23686827664586838, 0.23757335734357962, 0.25884169970486903, 0.35899891000589684, 0.24862787823418012, 0.2123652355689986, 0.29163662573452953, 0.22603523978668671, 0.28784264997812425, 0.27259915894239156, 0.2473152469156211, 0.27165757621394077, 0.2981693622055995, 0.2389681717931742, 0.25113521356576796, 0.22472093594635484, 0.2344313171760994, 0.2136094106079932, 0.2920245522796617, 0.2588129803367742, 0.22367156555801, 0.3235770699670497], "level 3": [0.27048713743554553, 0.3269158530928591, 0.2522506448603193, 0.24878034760555054, 0.27477875371345684, 0.2884546020799992, 1.0, 1.0, 0.31275265973725835, 0.2987764628864045, 0.3351251167949506, 0.2462949794864746, 0.36842902001874234, 0.31679272769817823, 0.29696816390354475, 0.29824665095242064, 0.28169267116058905, 0.32664076754950566, 0.3227495523492028, 0.3182319466707735, 0.3351804287305992, 0.25513645140709623, 0.3493316902394274, 0.285597439174222, 0.23807466302409847, 0.3410411554131695, 0.32515061836521564, 0.29379654480917405, 0.18751270871601045, 0.26583516201327817]}, "4": {"level 1": [0.38074464002116415, 0.38816785252523067, 0.33970046661262093, 0.37211060026076, 0.40891606503432826, 0.3748930275323561, 0.2741177332328928, 0.3391331675022645, 0.33281633085236123, 0.4396511405788558, 0.3576735123790432, 0.5099183448907945, 0.3628559677894968, 0.5039301092244797, 0.5189334891867922, 0.3768869842687533, 0.3517086950970847, 0.3725032608110629, 0.31013723872560295, 0.4642135560164876, 0.35683995368094223, 0.34681074915043464, 0.4466171511202236, 0.28386132083527094, 0.49348948946150273, 0.37612935816490867, 0.39996154451989524, 0.34223398110570735, 0.3350025822454723, 0.396948768110306], "level 2": [0.4187805929454629, 0.4066821081147647, 0.3705426186522569, 0.4337603631442515, 0.3853414543035656, 0.3849286654563099, 0.33671137056000566, 0.4219551581119956, 0.4366822120248406, 0.46658026101079875, 0.5173314353286322, 0.5775518489209256, 0.5329161599626091, 1.0, 0.38377482640391536, 0.4770295944323215, 0.3296588481450589, 0.5392684396280633, 0.4745850073300414, 0.4940071201774655, 0.40293720586887016, 0.45370393738388015, 0.39499388570803184, 1.0, 0.451849193806626, 0.2765886243804873, 0.638961035144459, 0.3921932669141681, 0.570071189104087, 0.5228469319150667], "level 3": [1.0, 1.0, 0.6853863410822776, 1.0, 1.0, 0.5819548557243099, 0.48134502970614546, 0.6268685612462471, 0.519442618349782, 1.0, 0.42409349999595813, 0.398724725386084, 1.0, 1.0, 0.457644378506779, 0.6165750141908657, 1.0, 0.8008657733204629, 0.5567948927329731, 0.5096769309788969, 0.4477203820031983, 0.5135607961259705, 0.6317830466270986, 0.374729786990493, 0.3532027895366421, 0.50665935852397, 0.4964760668486051, 0.495112456057383, 0.33374986257201283, 0.5173678932819421]}}