{"0": {"level 1": [1.0, 1.0, 1.0, 1.0, 1.0, 1.0, 1.0, 1.0, 1.0, 1.0, 1.0, 1.0, 1.0, 1.0, 1.0, 0.44922940372049236, 0.40817916634987417, 0.40654835321217486, 0.46228941167042265, 0.4958337661486793, 0.28440258503294136, 1.0, 1.0, 1.0, 1.0, 0.28440258503294136, 1.0, 1.0, 1.0, 1.0], "level 2": [0.42101210951346474, 0.3744271881312198, 0.33393667464407856, 1.0, 0.35765747397857106, 0.39766816483787054, 0.5870355546795717, 0.41914500579378505, 0.5738599358688143, 0.41211714984318126, 0.45883127157213416, 0.43592845752739623, 0.35828382449994556, 0.4462717327376715, 0.42324031625547837, 0.42740609131750895, 1.0, 0.46297579394153365, 1.0, 1.0, 1.0, 1.0, 1.0, 1.0, 1.0, 1.0, 1.0, 1.0, 1.0, 1.0], "level 3": [1.0, 1.0, 1.0, 1.0, 1.0, 1.0, 1.0, 1.0, 1.0, 1.0, 1.0, 1.0, 1.0, 1.0, 0.623008945286593, 0.4986402837930249, 1.0, 1.0, 1.0, 1.0, 1.0, 1.0, 1.0, 1.0, 1.0, 1.0, 1.0, 1.0, 1.0, 1.0]}, "1": {"level 1": [0.35251276486185, 0.35251276486185, 0.35251276486185, 0.35251276486185, 0.35251276486185, 0.4238609394432235, 0.4238609394432235, 0.4707360989870693, 0.40251276486185006, 0.4798800234744438, 0.17808385286247513, 0.27383141374594216, 0.27383141374594216, 0.35251276486185, 0.35251276486185, 0.3755381778211935, 0.35251276486185, 0.3755381778211935, 0.4340249723396313, 0.3738456655480472, 0.35251276486185, 0.4028395033086898, 0.35251276486185, 0.4170756823961447, 0.35283950330868974, 0.3878920008232174, 0.47180458543295467, 0.4232709467099658, 0.4232709467099658, 0.41863912504782097], "level 2": [0.7326763018371599, 0.7542936906695155, 0.6753826374166731, 0.7686505797953836, 0.7395250796190971, 0.7584535751383392, 0.7627440344430727, 0.6847719130616912, 0.6597918135687784, 0.6562591719978832, 0.7031878016895196, 0.7399935435125963, 0.7395250796190971, 0.7311030686593994, 0.7304605289622469, 0.6723815116488641, 0.6455184215634991, 0.645519164524814, 0.7686505797953836, 0.6455184215634991, 0.6298230313213506, 0.6723815116488641, 0.7318356605371801, 0.7425422980686182, 0.6597918135687784, 0.7726860954778757, 0.7203645892337129, 0.7246992930694571, 0.7540340182767238, 0.7655277818860996], "level 3": [1.0, 1.0, 1.0, 1.0, 1.0, 0.8017982392857574, 0.8159347770009463, 0.791380901161207, 0.8387762739468054, 0.747311927604478, 1.0, 1.0, 1.0, 1.0, 1.0, 1.0, 0.857712922572738, 1.0, 0.8185472666290473, 1.0, 1.0, 1.0, 1.0, 1.0, 1.0, 0.7857751984413057, 0.8111015317567889, 0.8090104684336616, 1.0, 0.8427742883494981]}, "2": {"level 1": [0.7181686851910573, 0.609133315524936, 0.6529368460845466, 0.610270071819363, 0.5297027503022498, 0.5479530399633381, 0.5974222671467133, 0.5974222671467133, 0.6096767621924188, 0.6544437258434186, 0.5838479484826147, 0.5541367258847296, 0.4731252562413998, 0.6087539760304082, 0.632036170941, 0.6490759427258213, 0.6080325390289367, 0.5612749875265928, 0.5790789748958252, 0.5748650422079087, 0.6647015519668995, 0.6115962802703231, 0.6388381577935023, 0.6300033104847393, 0.6607246267047053, 0.6671629589344974, 0.568579724685589, 0.7088891512217361, 0.6085921440278963, 0.7077708037629802], "level 2": [1.0, 1.0, 0.6912436987462974, 1.0, 1.0, 0.6133243833986575, 0.6332855691882617, 1.0, 1.0, 0.8103777189486627, 0.5389939771755967, 0.6376747795992552, 0.6376747795992552, 0.48668086030382707, 0.6729167738424273, 0.6464149016144359, 0.6881052757056154, 0.6679760812578868, 1.0, 1.0, 1.0, 0.6679760812578868, 0.7202669209238513, 1.0, 1.0, 0.7662619865719189, 0.7764948792653064, 0.7316025765757641, 1.0, 1.0], "level 3": [1.0, 1.0, 1.0, 1.0, 1.0, 0.9888718999450378, 0.9888718999450378, 0.9888718999450378, 0.5458170507997315, 0.9888718999450378, 1.0, 1.0, 1.0, 1.0, 1.0, 0.6332849697268318, 0.4897873234011191, 0.6332849697268318, 0.6332849697268318, 0.4897873234011191, 0.6586853800165777, 0.523570178993511, 0.904933805871934, 0.9227974374991246, 0.523570178993511, 0.523570178993511, 0.6519992538011051, 0.8953649794187422, 0.6519992538011051, 0.523570178993511]}, "3": {"level 1": [0.22562954462981527, 1.0, 0.30572778236844367, 0.24598345466854354, 0.34672552354354913, 0.30572778236844367, 1.0, 0.26284056737547556, 0.26590306505596906, 1.0, 1.0, 1.0, 1.0, 1.0, 1.0, 0.22562954462981527, 0.31234437892611433, 0.22562954462981527, 0.2049637291637568, 0.22562954462981527, 0.32589817427766626, 0.3978000400974637, 0.3396811422647812, 0.4197688500241563, 0.37201220990702605, 0.20577414764716329, 1.0, 1.0, 1.0, 0.20548115255639507], "level 2": [1.0, 1.0, 1.0, 0.24598345466854354, 1.0, 1.0, 0.30572778236844367, 1.0, 1.0, 1.0, 1.0, 1.0, 1.0, 1.0, 0.5201036170204036, 0.20548115255639507, 1.0, 1.0, 1.0, 1.0, 0.2049637291637568, 0.22504474724620027, 0.2057218082696565, 0.2049637291637568, 0.4571374799299701, 1.0, 0.5202681529623586, 1.0, 1.0, 0.2632073041486398], "level 3": [1.0, 1.0, 1.0, 1.0, 1.0, 1.0, 1.0, 1.0, 1.0, 1.0, 1.0, 1.0, 1.0, 1.0, 1.0, 1.0, 1.0, 1.0, 1.0, 1.0, 1.0, 1.0, 1.0, 1.0, 1.0, 1.0, 1.0, 1.0, 1.0, 1.0]}, "4": {"level 1": [0.5395826978261138, 1.0, 1.0, 1.0, 1.0, 1.0, 0.5234286961497625, 0.5700777357483021, 0.6576656633438274, 0.2369585759192164, 0.5174140228436476, 1.0, 1.0, 1.0, 1.0, 1.0, 0.29033819948718137, 1.0, 0.6547246248899097, 0.6278844757719788, 0.29061185567985603, 0.5464096939604152, 0.5614873522182197, 0.29033819948718137, 0.29033819948718137, 0.5625060463379847, 0.656013415444344, 0.5892189862392454, 0.7105959516136124, 0.631819938228352], "level 2": [1.0, 1.0, 1.0, 1.0, 1.0, 1.0, 1.0, 1.0, 1.0, 1.0, 1.0, 1.0, 1.0, 1.0, 1.0, 1.0, 1.0, 1.0, 1.0, 1.0, 0.6277316098991841, 0.4760971232006119, 0.5209349999452091, 0.6501531804147971, 0.6214736930966239, 0.5053060283967745, 1.0, 1.0, 1.0, 0.6214736930966239], "level 3": [1.0, 1.0, 1.0, 1.0, 1.0, 1.0, 1.0, 1.0, 1.0, 1.0, 1.0, 1.0, 1.0, 1.0, 1.0, 1.0, 1.0, 0.8025792396642675, 1.0, 0.6990169306554352, 0.7427207429752413, 0.691348689003911, 0.5959220117626411, 1.0, 0.6704154218754869, 0.970766131011758, 0.623804974246966, 0.7387475735080551, 0.970766131011758, 0.970766131011758]}}