{"0": {"level 1": [0.5687612429962559, 0.3957086175741147, 0.6637206190570415, 0.6585993934751859, 1.0, 0.608002239538705, 0.39809723316307344, 0.4105764093128463, 0.4105696762544711, 0.5354153473897232, 0.4293261506800719, 0.6395319046537427, 0.477427067642556, 0.5620916121150855, 0.4479950885964932, 0.3868496372414615, 0.44664494075217576, 0.4200149156935477, 0.6793669325212692, 0.7088137551972112, 0.5969329087435515, 0.5308863609126939, 0.6637206190570415, 1.0, 1.0, 0.48577934292596203, 1.0, 0.4969318502814455, 0.4726832292268195, 0.5399958983274817], "level 2": [0.4726832292268195, 0.5494139467534251, 0.5426154692841496, 0.5309132803093477, 0.4717368279361139, 0.5169596331286702, 0.44390440958568633, 0.5022107072567206, 0.5302660896400941, 0.5022107072567206, 0.4781895849753737, 0.4646398773961957, 0.5399171239577588, 0.5254350001430559, 0.5238072965038854, 0.44039537108979654, 0.48246104940777407, 0.4969318502814455, 0.47035912403589725, 0.5346917671223704, 0.47729654442206104, 0.473410479442523, 0.5453504739462021, 0.4516133551658278, 0.5115007862405617, 0.4726832292268195, 0.4692124272068803, 0.5739886815626412, 0.4711002778561475, 0.49769429143194727], "level 3": [1.0, 1.0, 0.8215934112691605, 1.0, 1.0, 1.0, 1.0, 1.0, 1.0, 0.8239412729334865, 0.8854821649766227, 1.0, 1.0, 0.6670274845575652, 1.0, 0.8909430189151071, 0.8336619274127799, 0.7981727722767159, 1.0, 0.8343118716144116, 1.0, 1.0, 0.8309372415299172, 1.0, 0.7183734380431843, 0.8777794248000994, 1.0, 1.0, 1.0, 0.8354284242830867]}, "1": {"level 1": [0.31295234061657573, 0.506084642850194, 0.35033963729547135, 0.3228248271059071, 0.3203080919449255, 0.4083696341994991, 0.3697322784212222, 0.4311892359021835, 0.46558214051201857, 0.32245113136610903, 0.332936088701243, 0.5195394237222868, 0.5064146287252922, 0.4264293514772519, 0.39926633543493156, 0.3530264870284408, 0.35368307027893764, 0.3529965290323439, 0.31834146475389014, 0.3040453528336749, 0.3001785803345893, 1.0, 0.3662175753610122, 0.37413590361529825, 1.0, 0.1815414962185419, 0.5003887895269888, 0.471780898257274, 0.4305535454685228, 0.44968233998114376], "level 2": [0.6102084486684299, 0.5194025036073268, 0.5915332692775047, 0.4724804374666277, 0.6608163578276985, 0.483174070822799, 0.5340007259680419, 0.4947998430546447, 0.39369896834194784, 0.48606295380262354, 0.6097131272103746, 0.4511353471451555, 1.0, 1.0, 0.5943736892108401, 1.0, 0.4903337803419333, 0.48385362351001754, 1.0, 0.6872009894873478, 0.4747675686140471, 1.0, 0.5427004167606493, 0.5816988353835693, 0.5917000527774685, 1.0, 0.7036863564448396, 1.0, 1.0, 0.5537650480796985], "level 3": [0.6058645791327313, 0.6085367411176867, 0.6206444124862754, 0.5758505124068267, 1.0, 0.4951541931592651, 1.0, 0.6174726992123586, 1.0, 0.6211409351856599, 0.671465567026091, 0.5553452753736152, 0.5442141636595625, 1.0, 0.49154155117489684, 0.6097514675086011, 1.0, 0.5487717921599592, 0.6715776467777909, 0.5412437274354569, 0.49012292776715627, 0.7229360893176777, 0.38715605277417464, 0.5376535876600579, 0.5693606099142778, 0.42779714286606396, 0.5915315625049323, 0.4997640516515448, 0.6244265633906563, 0.4900937616521358]}, "2": {"level 1": [0.5917492813100763, 0.5900686441417149, 0.4667773657532698, 0.5309385017663195, 0.529824984653939, 0.5067636321184115, 0.4819339267684676, 0.6385342892121108, 0.5290772957703176, 0.5197340862733244, 0.7116136720413071, 0.47432691993220166, 0.4817492813100763, 0.5465189249774537, 0.4710420758533411, 0.43569769214635945, 0.5471233848758392, 0.5149685304566175, 0.4783896433640641, 0.5709385017663194, 0.5091397279386495, 0.4534916283387107, 0.5315075377313103, 0.4681170196733885, 0.5314426514110966, 0.6498009450625557, 0.6827152476759213, 0.5789664367412332, 0.4920145844620824, 0.6505680756744088], "level 2": [0.5691108995102016, 0.45948878449239094, 0.5336332064161422, 0.4795204092156452, 0.6027535958028742, 0.4944317652868916, 0.473690611889005, 0.5775019657389644, 0.567344128071529, 0.52859490477343, 0.5089275905513975, 0.5203227107289224, 1.0, 0.6380689108129911, 0.5477836540883045, 0.6319642871031053, 0.5382666578433092, 0.5035808168151129, 0.5250629953811321, 0.5615492196303076, 0.5212731601699502, 0.4733997648494441, 0.45347485771808016, 0.554375164413671, 1.0, 0.5840227880246127, 0.5384468153314304, 0.3220907166327792, 0.45122283298926996, 0.4352705534187419], "level 3": [0.5563461334924327, 0.6092342812034484, 1.0, 1.0, 0.7313594008178796, 0.5408214320305782, 0.7604914042348223, 0.5566415276985843, 0.6194027480699045, 0.7457746340598226, 0.7169335937756514, 1.0, 0.7248100982379746, 0.636933899720775, 1.0, 0.6558895025781419, 0.7726988684305458, 1.0, 1.0, 0.6711472363101998, 1.0, 0.7295445986721492, 1.0, 1.0, 1.0, 1.0, 1.0, 0.7894894196898207, 0.6425307968951297, 0.5724136719203153]}, "3": {"level 1": [0.2878926001686874, 0.26149103284901426, 0.24680310468103125, 0.25572146883100355, 0.24413223771825782, 0.2674176154595305, 0.22846402950967123, 0.2735632453889476, 0.2822104231142877, 0.27042195344885467, 0.35035446540757575, 0.4098262428152638, 0.2962478434037464, 0.23590631750079888, 0.26609659257466933, 0.22565622383263348, 0.2157126886329233, 0.2966104813071588, 0.2627813814716706, 0.29857261604296725, 0.2504139193745783, 0.2768526536278986, 0.23099947198151954, 0.25821628136969704, 0.34480229019633035, 0.25113181786407607, 0.2358202842592701, 0.2475900105163071, 0.21671422059901094, 0.24389592185066472], "level 2": [0.25107616994374193, 0.2372413780168754, 0.23863695355049916, 0.24208300304333338, 0.21462826237250116, 0.25657018332111814, 0.20453892561947468, 0.2615501753376738, 0.23748042207742498, 0.25216637782384044, 0.22859234755293564, 0.2530036120558562, 0.2543094934732173, 0.21927544603760762, 0.29823327629574314, 0.3076615598838437, 0.21876708147006152, 0.25636196000037753, 0.22119521255218413, 0.3011030703544424, 0.2946469548663724, 0.2258841711661303, 0.2979502524880964, 0.22513864723303428, 0.2675321200922298, 0.31174347984834305, 0.27187436032054524, 0.21631514495140047, 0.20104483868029205, 0.26675933056648704], "level 3": [0.24546506746979607, 0.2717874505815029, 0.2524802798270904, 0.2925344080324874, 0.25852611153488037, 0.2554652294820317, 0.29900942864935726, 0.30558106386037087, 0.2678543252312725, 0.32430638791050503, 0.25881590057926096, 0.31916941695880197, 0.2518944117144103, 0.2772436972054393, 0.3595255758063605, 0.2523974748870235, 0.25266501302033406, 0.2619537631957626, 0.36018439340062935, 0.33794438503268853, 0.2931408001973276, 0.2846705451101281, 0.25036776715143083, 0.2281133653235378, 0.32347608559263996, 0.24697605020176341, 0.2992391109951265, 0.3284622123391578, 0.2670973135332803, 0.29969964408848115]}, "4": {"level 1": [0.406325672698976, 0.48932805129173673, 0.48356986010124603, 0.3761213305863263, 0.33603129295928114, 0.3710113269828462, 0.42441054460291006, 0.4751457008287028, 0.3898224852913217, 0.5363909390777482, 0.45164901925331424, 0.46470261217454034, 0.4734938209657491, 0.5030057012146667, 0.40359197839094485, 0.5051640817325308, 0.42363042485085434, 0.43409594010909297, 0.47190563512767175, 0.5375540500500461, 0.45269878018949544, 0.43160620013687323, 0.6036489527110018, 0.47814646101654285, 0.5384938073583602, 0.3473471148473546, 0, 0.4485536200379967, 0.36151391313414494, 0.3532732732740884], "level 2": [0.38245229807890646, 0.4137479524008667, 0.5656999218760626, 0.4275581760591849, 0.31118556702670536, 0.5584542272454803, 0.3710089081432222, 0.32914860901505166, 0.41362923467908075, 0.4637520699441323, 0.464046678828761, 0.5202144598485711, 0.43797437293406316, 0.46567863797146547, 0.49889279151976684, 0.48812050443737925, 0.40848281982330836, 0.3546997941588033, 0.444754344575627, 0.45276570412566, 0.2793932097180476, 0.3646378525973134, 0.38168988534703985, 0.41091714975582805, 0.27026307100573943, 0.5218911754669333, 0.4409188749303309, 0.5078237975198263, 0.4792959548290052, 0.5244070928705192],