{"0": {"level 1": [0.24539078289877614, 0.24539078289877614, 0.2796432566845716, 0.25037433766622064, 0.22564209043593947, 0.196307634842507, 0.20618139129250376, 0.22564209043593947, 0.1904228755356802, 0.196307634842507, 0.1546716361817717, 0.1578361807467285, 0.22984927170319536, 0.156924349507221, 0.20002593775157837, 0.153791785478651, 0.15231785735062284, 0.12151604889005713, 0.1554263483816103, 0.15551777119572124, 0.23409092721522673, 0.22484927170319535, 0.24436146682514656, 0.22984927170319536, 0.22984927170319536, 0.15231785735062284, 0.15231785735062284, 0.15231785735062284, 0.15231785735062284, 0.15231785735062284], "level 2": [0, 0, 0.3608386506444591, 0.2771465403169021, 0, 0, 0, 0.34788471564195056, 0.3041744322308307, 0.318840817473251, 0, 0, 0.29439441657120086, 0.3427914988604165, 0.3241912314932408, 0, 0, 0.3479890594375852, 0.30879361086911494, 0.30178143521143175, 0, 0, 0.33424371460941704, 0.21137865031430303, 0, 0, 0, 0.33521445617396217, 0.4134661776196321, 0.29393972206581764], "level 3": [0.6816914813033699, 0, 1.0, 1.0, 1.0, 1.0, 1.0, 0.6446721864918628, 0.5662746781258419, 1.0, 1.0, 1.0, 0.7106373731277532, 1.0, 0.628636678748354, 0.7068305309477088, 1.0, 0.7068305309477088, 0.7886828612666846, 0.7068305309477088, 0.7948972498030652, 1.0, 1.0, 1.0, 1.0, 0.5959245311408965, 0.8328250609044023, 1.0, 1.0, 0.6249425600481645]}, "1": {"level 1": [0.2609647017272365, 0.2763664079518213, 0.5361714000142693, 0.40137233602108535, 0.2565932130883581, 0.3787390692622465, 0.4301968029065121, 0.16615262722269947, 0.24589466390800024, 0.2725470638271538, 0.2200961502009967, 0.2200961502009967, 0.22182949933449597, 0.22182949933449597, 0.2200961502009967, 0.16784948098722036, 0.40145767663646215, 0.2561517392092498, 0.23050635727824134, 0.25796105792265417, 0.12738402934839863, 0.12863701910706926, 0.12863701910706926, 0.1358659336791016, 0.1358659336791016, 0.26094500061832937, 0.385117833643948, 0.40137233602108535, 0.40137233602108535, 0.2200961502009967], "level 2": [0, 0.32412873479363236, 0.32364188330702826, 0.32445302862457964, 0.31952579968266237, 0, 0.24820401502887524, 0.4499965140187807, 0.2669618152769346, 0.28392274211379265, 0, 0.23998280974830044, 0.35660123249204173, 0.28207591693282114, 0.2849835645368771, 0, 0.27934867479999126, 0.2798972868030888, 0.2921709972405853, 0.2790028249839885, 0, 0.2835220257890294, 0.3159959110141989, 0.2739639278471175, 0.31573567362041965, 0.2559046267121078, 0.2476361829352234, 0.26362798560727135, 0.2565250718241123, 0.25621230639839127], "level 3": [0.3508653881038818, 0.4654048493298698, 0.38960442473737333, 0.5220230375745499, 0.432117295471368, 0.36731221789646895, 0.5132117053036112, 0.3583737069651149, 0.3835494931257566, 0.4476935100509797, 0, 0.2589222992119637, 0.2678111881008526, 0.2589222992119637, 0.2589222992119637, 0, 0, 0.4506265866780683, 0.4506265866780683, 0.44993468549012333, 0, 0.2521208365907574, 0.34461889123746164, 0.16317093109235573, 0.2683540787639425, 0, 0.5094209897512354, 0.505332510295544, 0.510523265590975, 0.38233261211080183]}, "2": {"level 1": [0, 0.4457962157246992, 0.2965596255479652, 0.25216386415729986, 0.4178905041279207, 0, 0.2510249801907944, 0.3954009448108643, 0.24817992297555297, 0.5032066135644131, 0, 0.34854205292923657, 0.3366970894885708, 0.4487115753763693, 0.3393400130101455, 0, 0.2782511696814637, 0.24933739118011777, 0.281695934932948, 0.2255555003725589, 0, 0.286339764760029, 0.3909935220393028, 0.2641200050135653, 0.18571736099743497, 0, 0.25350011279896256, 0.26878490629530843, 0.2055312218860541, 0.31884834769366066], "level 2": [0, 0, 0.312325884775813, 0.35018395037100425, 0.48451562008100973, 0, 0, 0.48508762106513154, 0.4327037998716107, 0.43300145012395674, 0, 0, 0.49028272396307304, 0.3946023874588457, 0.49032739124094293, 0, 0, 0.39832702502067074, 0.38664597298107484, 0.38664597298107484, 0, 0, 0.3533056347771425, 0.40484861530703387, 0.31301220511801225, 0, 0, 0.3926127550303713, 0.6137373526759992, 0.3728596225667908], "level 3": [0, 0, 0.30636489498112635, 0.23810471987857415, 0.4119262016335765, 0.35195385461074, 0, 0.3312008353466691, 0.27691436932766345, 0.26865487113940606, 0.3166231320235199, 0, 0.4391560725302639, 0.2150523482184175, 0.43984414811882266, 0.37043033055169605, 0, 0.444879693505288, 0.29352154844569056, 0.4515800984704452, 0, 0, 0.28269190597034466, 0.2473786688681066, 0.28269190597034466, 0.27821113219557025, 0, 0.3077931300037874, 0.2150523482184175, 0.3982040720389624]}, "3": {"level 1": [0.3788459889378253, 0.41854684517783214, 0.42023439857348655, 0.4227173514505964, 0.3999645533740769, 0.3685909610869821, 0.36327319073120434, 0.374951379705562, 0.36568648068205467, 0.37630091586911274, 0.3548199409391296, 0.3548199409391296, 0.3548199409391296, 0.3548199409391296, 0.3548199409391296, 0.29107227312517364, 0.3993252628053083, 0.3629322494594599, 0.3873484312761343, 0.3592948638030668, 0.48058935628383387, 0.2008507642171022, 0.24546277963626595, 0.2187572767542073, 0.35306985621742004, 0.360081454825929, 0.32969686906205165, 0.3290284301013542, 0.33131114291279856, 0.332187545336943], "level 2": [0, 0, 0.4882047028555599, 0.4576324573706776, 0.4762002200141146, 0, 0.17616187302200512, 0.46658497038993174, 0.4743503111800135, 0.5270691301767518, 0, 0.4988278015110138, 0.40608823957290974, 0.47871793114013916, 0.48055043019523125, 0, 0, 0.48018431684612056, 0.3987058535716472, 0.4381572974339569, 0.4280286707477148, 0.2521775386408935, 0.40734548683040733, 0.4139933839912093, 0.41395035936207414, 0.3991435208676376, 0.37075832843714546, 0.4593495601515215, 0.46783452287921906, 0.32039970478142554], "level 3": [0.8593014782271593, 1.0, 1.0, 0.8375499620433281, 1.0, 0, 0, 1.0, 1.0, 1.0, 0, 0, 0.7720038768178251, 0.843721173126537, 0.6905207489005283, 0, 0.8091654375429022, 0.7326063194472376, 0.8574337310851721, 0.8384084392653517, 0, 0, 1.0, 1.0, 0, 0, 0.723158780292539, 0.7152922562620211, 0.723158780292539, 0.723158780292539]}, "4": {"level 1": [0.2873182317313608, 0.2949807112238173, 0.3892640281723698, 0.21037031506942735, 0.36902573538928396, 0.25719448696553027, 0.21424270947411828, 0.39058170089303956, 0.25516534491344584, 0.26693247363876865, 0.22874069736577748, 0.20509754304497646, 0.09539971958638757, 0.20197877619765076, 0.21679794880745673, 0.24910857900913538, 0.2696286815848296, 0.26546809641300134, 0.3459829219581917, 0.26017387914004364, 0.3098855274543226, 0.33313963704369887, 0.25516534491344584, 0.266436770730102, 0.28633656452883505, 0.2518624185627721, 0.1662730373048133, 0.4294556150868105, 0.27286984222799265, 0.2697687023383238], "level 2": [0, 0.33934140370607024, 0.42371966442005715, 0.42853535450213254, 0.37982396006465247, 0.37620806262184064, 0.3840974197085574, 0.37620806262184064, 0.3951775854196553, 0.3998073816691241, 0, 0.38576439286192976, 0.41241755620826714, 0.35808408699472527, 0.3773264671288952, 0, 0.35560518306963174, 0.3382501193888383, 0.3343291661696083, 0.3667161648368771, 0.31557983373284987, 0.3180423751722026, 0.3351492833604529, 0.3578922853417281, 0.33303712212307124, 0, 0, 0.3370676119837705, 0.38498399904550357, 0.45914126071617295], "level 3": [0.5254385948559739, 0, 0.513554159002299, 0.4447704799383679, 0.43568957332191705, 0.2538633009869329, 0.38755307497351515, 0.456560781065404, 0.415571316909892, 0.3923421793269572, 0.36158123608935605, 0.47429601182172765, 0.3768998950643394, 0.4040528020964128, 0.40910610500680805, 0.33529016686614943, 0.34779466097738104, 0.34779466097738104, 0.3393156700733019, 0.3483737916292776, 0.44627160649239567, 0, 0.39528660736641075, 0.4302266798343281, 0.4780444625234229, 0.40832474313469524, 0.4566082028983576, 0.42769135735884667, 0.43076678466483004, 0.4458902259762936]}}