{"0": {"level 1": [0.25819288495016135, 0.21579580779994267, 0.3935543815538998, 0.2638175823639824, 0.33264442472701244, 0.33524750067687226, 0.28954124904212675, 0.3579356909614421, 0.255129796930389, 0.3322262505649013, 0.3043028292392985, 0.23676642756266736, 0.22169444098505295, 0.30855075378309205, 0.22274472099816822, 0.24675300599248925, 0.21520061759304282, 0.27565620855353323, 0.2821136479845534, 0.20013276082399473, 0.32095343121892406, 0.2547117300609079, 0.22323814250076804, 0.38628310341453514, 0.16222801181296517, 0.30365056243406435, 0.21520061759304282, 0.15921196944864988, 0.30232913437108155, 0.2332824548389147], "level 2": [0.3886519150698464, 0.3982364797404014, 0.5203163044451433, 0.4816517095551477, 0.47556488744576236, 0.3897508160769834, 0.386918255698222, 0.545028911354217, 0.4356086284039856, 0.43088872939086076, 0.4267734003927247, 0.34591568312400167, 0.45126646773109946, 0.44013697557415254, 0.4713344712223301, 0.3496710443998844, 0.4234738256488598, 0.38124875006948344, 0.4068896203540908, 0.4553859664004904, 0.3606560183992763, 0.43710446649591445, 0.49768788293405775, 0.5326022841656037, 0.36042293896963973, 0.35010742636224135, 0.43181087714641786, 0.556598465339883, 0.43036824153697945, 0.44836462652798226], "level 3": [0.8366949086238404, 0.7292990651533964, 1.0, 1.0, 1.0, 1.0, 0.6831161013976776, 1.0, 0.7077132305673821, 1.0, 1.0, 1.0, 1.0, 0.6861417493280039, 1.0, 0.6549207739213561, 0.6730814964219141, 1.0, 0.7077132305673821, 0.6788141886583319, 1.0, 1.0, 1.0, 1.0, 0.6788141886583319, 0.7119224669513221, 1.0, 0.6493156665539979, 0.7077132305673821, 0.674440665488256]}, "1": {"level 1": [1.0, 0.41558151223072887, 0.4093094285812049, 1.0, 0.4192282305530658, 0.30201206603605524, 0.3542981403736752, 0.35252207357426324, 0.4826308929079678, 0.35606171143185783, 0.26598604621112243, 0.2997144207010196, 0.44286151801356965, 1.0, 0.2767903383469674, 0.2594221389218875, 0.3077029958441796, 1.0, 0.3341992432158409, 0.2209393370336116, 0.479450580276486, 0.31950368064369117, 0.33706519723338635, 0.462089080566522, 0.33265913593274454, 0.33759998423074233, 0.3077029958441796, 0.46844585032294417, 0.3281519826932868, 0.26319308282488774], "level 2": [0.2917700533969825, 0.3127713068328726, 0.34184891657101957, 1.0, 0.30887794844677663, 0.31046828477048066, 0.33073067177142784, 0.2503106651457946, 1.0, 0.30839010538629713, 0.28157550398596637, 0.4414005091446104, 0.41776882146979766, 1.0, 0.22786798599158242, 0.29630991756283953, 0.36133785495765836, 0.31403612958967475, 0.5162586053195385, 0.6119034147148776, 0.41087349402002427, 0.3349798602906699, 0.3190553220115386, 0.3880343410895682, 1.0, 0.3163299089943323, 0.284469293977322, 0.2727200847907997, 1.0, 0.5973224655401501], "level 3": [0.5009111545596542, 0.5803105981658049, 1.0, 0.47639085077342314, 0.4812972622088927, 0.38125352675788193, 0.3210678076512325, 0.34177006475927507, 0.5261130584075068, 0.4935275057563907, 0.4164901644299107, 0.3340765083997915, 0.545478946582459, 0.433871815803976, 0.45266664405226376, 0.5344114196368919, 0.34092253423194335, 0.3168332848539537, 0.5455528136585087, 1.0, 0.3952591887221408, 0.436408388789983, 0.4436007187802581, 0.5166293422840269, 0.31472328285196394, 0.5343965800159979, 0.48365839125382004, 0.4962864679702622, 0.570122217728229, 0.47544320549387553]}, "2": {"level 1": [1.0, 0.550161756951876, 0.45610918764032704, 0.34853985392933706, 0.40929744776771926, 0.4514358740067267, 0.46243444972381664, 0.34818854707950947, 0.25041418089092354, 0.35493522915544423, 0.4704394549578337, 0.3559325372781089, 0.3435830568973847, 0.3237582527888797, 0.2933873338949463, 0.3240602168237585, 0.41312786828710346, 0.3214544547232444, 0.31343558152267204, 0.34372783642052984, 0.33777483551026877, 0.43132929145419896, 0.39394928792858075, 0.3104798105756217, 0.3102998836474615, 0.3275205875680097, 0.45777569574566934, 0.2115568901310254, 0.3185554738589873, 0.21038281700519873], "level 2": [0.45247771365921374, 0.3793791207682816, 0.4285013477942116, 0.7043690684375759, 0.46961395019351704, 1.0, 0.246536729024872, 0.37235432817824154, 0.40989619579450165, 0.44909455315761837, 0.39295648275103656, 0.26540272484847516, 0.3087956056395778, 0.7848649550640487, 0.6557052674310646, 0.46378326225700106, 0.21984226326784045, 0.4511776393973629, 0.40037041135891727, 0.4588488260212962, 0.5131433854861134, 0.49079884975854293, 0.48290342301256395, 0.4311550002075529, 0.6567732737186808, 0.4338887726025006, 0.3206563538998718, 0.33237590637773967, 0.5583553885576987, 0.716936252964163], "level 3": [0.43930842657359215, 0.4608611820745698, 0.36836265049174677, 0.4307497917004142, 0.35441536751492353, 0.39640955817814905, 0.5566125898272243, 0.4822157459229852, 0.30619129083302343, 0.44084251143805864, 0.5156300433222827, 0.5108746668129045, 1.0, 0.4488884737796889, 0.4585191747814286, 0.44450312952486926, 0.5602795867574503, 0.384194515627723, 0.3326293680517173, 0.35263359424834634, 0.4415512207408506, 0.5234274484067784, 0.49677131422856236, 0.34165243004529045, 0.6006637050129554, 0.5059861040974064, 0.5234274484067784, 0.5708200314953176, 0.3237291395518451, 1.0]}, "3": {"level 1": [0.2805598140485577, 0.379991036240352, 0.22560436415809704, 0.2639031822221692, 0.2676007826251969, 0.2986980897090347, 0.48392107234027737, 0.18241771286893263, 0.2736519064553129, 0.23452687145655177, 0.3983031103383709, 0.516698846587895, 0.35152806027857214, 0.3512279291018831, 0.42319640925384994, 0.17448129488413858, 0.4638401237653234, 0.2539216533456146, 0.3101282695752742, 0.20922144921192365, 0.22947771716885396, 0.5361202752048104, 0.28701009617907314, 0.42802678900621943, 0.24415235953655465, 0.25634628329844245, 0.46301230983657493, 0.33962994874041263, 0.2590522577265142, 0.5133719307670354], "level 2": [0.5951833701829634, 0.5944640339219396, 0.35362290252900846, 0.4879931265052768, 0.3387169155442459, 0.26117272388975743, 0.3329218403684115, 0.3665222284801882, 0.32036338046515705, 0.3447448474004907, 0.2354472267372597, 0.5735131461643918, 0.4345241215185856, 0.32287458451800843, 0.4017676786107746, 0.33221005174182, 0.49254054697199146, 0.3609888988403693, 0.4728727978807945, 0.24389796971993905, 0.3564856133146912, 0.33237268333883707, 0.2483372780209486, 0.32734800504533956, 0.3812761966603885, 0.2943942224572761, 0.42769780233433985, 0.36352230151891074, 0.30746565648701263, 0.4071916061938856], "level 3": [1.0, 1.0, 1.0, 1.0, 0.8014900426854502, 1.0, 1.0, 1.0, 0.9268124184511026, 0.7659416913698709, 1.0, 1.0, 1.0, 0.6032970917590803, 0.4877450108801712, 1.0, 1.0, 0.7491589994845618, 0.7624155905048, 0.7021477009149064, 1.0, 1.0, 1.0, 0.6825105762675315, 0.6446305848720252, 1.0, 0.5654509214651935, 0.5216331235930339, 1.0, 0.6714075916861683]}, "4": {"level 1": [0.38115845967455225, 0.46844753942132633, 0.40001833030766876, 0.29169100081803223, 0.2939812494601203, 0.34153080794004004, 0.4697735082691955, 0.39424398596604393, 0.2536232981159318, 0.32678766516664903, 0.4117178747213872, 0.45814072774741477, 0.37773605238952845, 0.36223507949279365, 0.40663088651124624, 0.3156149762477306, 0.4742869870678772, 0.42428008781846627, 0.28577713133887506, 0.44385782777132154, 0.31073336152608066, 0.45640156253629893, 0.40414897085580503, 0.36516540943332154, 0.33865616725797826, 0.42265817203011136, 0.4485675027183914, 0.318348109466035, 0.27981164044352225, 0.3958964465282395], "level 2": [0.40360120221041396, 0.4028938906352578, 0.4121493233210638, 0.3685978346275887, 0.34445373625398745, 0.36565113837482854, 0.3403399426818383, 0.38082948203319744, 0.4439867470134463, 0.3905397853379529, 1.0, 1.0, 0.4479438363645624, 0.3722607877389147, 0.3079625473310136, 0.41817961700711515, 0.4032162639187544, 0.38311639579397294, 0.43426486106237927, 0.3991859360604463, 1.0, 0.4159604158559614, 1.0, 0.33575458910642897, 0.3682027485668332, 0.35939992908208357, 0.3813705173590778, 1.0, 0.35550766972565656, 0.422004064141246],