{"0": {"level 1": [0.6357063939592301, 0.5361812122803559, 0.5171367649066279, 0.5902538725277653, 1.0, 1.0, 0.43918264832645104, 0.4509263325348376, 0.595251882452674, 0.5109040212203992, 0.4902507785496219, 0.573666733023324, 0.6911651215414858, 0.5504152347805623, 0.53339930651099, 0.5455863625427221, 0.2125125317200153, 1.0, 0.6140611418921995, 0.6598853601331842, 1.0, 0.5540387616635439, 0.5130896835359733, 0.6749809913730077, 0.6875558535560664, 0.5557249573906207, 0.5108168427804153, 0.5612047707350533, 0.6417158325227572, 0.41913050247992667], "level 2": [1.0, 0.529573093772421, 1.0, 0.5125164773856226, 1.0, 0.46756545265097993, 1.0, 1.0, 0.4725031282563554, 0.4435049477432874, 0.44212136266227986, 0.5351548700710623, 0.633750873934849, 0.5067688634123723, 0.4961053307986888, 0.5334081584239352, 0.5367254110603595, 0.6295936411020303, 0.4911137552775961, 1.0, 0.5095436384095391, 1.0, 0.5281000021503439, 1.0, 0.4435049477432874, 0.5334081584239352, 0.4889590263169482, 0.636144511746631, 0.4518493134319088, 1.0], "level 3": [1.0, 1.0, 1.0, 1.0, 1.0, 1.0, 1.0, 1.0, 1.0, 1.0, 1.0, 1.0, 1.0, 1.0, 1.0, 1.0, 1.0, 1.0, 1.0, 1.0, 1.0, 1.0, 1.0, 1.0, 1.0, 1.0, 0.6420362452433748, 1.0, 1.0, 1.0]}, "1": {"level 1": [0.35840427783983775, 0.31556172020019657, 0.47024930657827485, 0.30570270272993083, 0.3586557319841256, 0.3848265035035102, 0.3031555837022712, 0.3191221530713261, 0.39009888020085637, 0.27683250671810405, 0.27978709256246137, 0.31949540603612564, 0.33694732070500444, 0.27316310857674486, 0.3120232425478895, 0.3010086389495577, 0.2772680557078163, 0.34156977279074263, 0.341642167841002, 0.32000024850430725, 0.3525641678158372, 0.35457281165867016, 0.2811786915570366, 1.0, 0.32803782229729694, 0.25235526120901475, 0.3299651214304318, 1.0, 0.30916820186783567, 0.21815504234259298], "level 2": [0.6821450969828224, 0.4608917661664449, 1.0, 1.0, 1.0, 0.5243853584239879, 0.3967223593528011, 0.4462604417993754, 0.43553351335246704, 0.5198079036859279, 0.4092424543761194, 1.0, 1.0, 1.0, 1.0, 0.5093123020237207, 0.6258135672686662, 0.45305481927316493, 0.4833980252463772, 1.0, 0.512981545941273, 0.5676086802997596, 1.0, 0.7141956063477933, 0.5039707664832996, 0.3969926702666171, 0.4704623513929086, 1.0, 0.3916792013582444, 0.3224213061060611], "level 3": [1.0, 1.0, 1.0, 1.0, 0.49840230135268293, 1.0, 0.49916244199193793, 0.4719231712124552, 0.5449783001948884, 0.504953339466454, 0.5064855256341563, 0.5135012046994292, 1.0, 1.0, 1.0, 1.0, 0.4955219859856901, 0.5603984170512898, 1.0, 1.0, 0.4953592845852908, 0.529065333128092, 0.652190249418145, 0.5077940962314564, 0.8579340757349485, 0.5121115933138392, 0.4983927992506187, 1.0, 0.605024911774514, 1.0]}, "2": {"level 1": [0.46982994445793047, 0.49067845617348593, 0.45952306128785814, 0.481768208234145, 0.47035838324541035, 0.4891781798128665, 0.49067845617348593, 0.4596392723938706, 0.481768208234145, 0.47035838324541035, 0.4874070710052656, 0.4699344217486863, 0.5197652775192949, 0.4419819347903291, 0.5203970327447236, 0.47285636926890195, 0.49999876586439673, 0.4732791767241168, 0.4419819347903291, 0.48093911576259946, 0.48317844698427453, 0.46996839060278045, 0.46005207992962516, 0.4622139234886814, 0.49294331457677754, 0.507806125916335, 0.5335609044798175, 0.4553143048162551, 0.4592784355109123, 0.4454863573717956], "level 2": [1.0, 0.4768522720444409, 1.0, 0.4980947388463899, 0.5428599700628388, 0.4421359486467703, 0.4571853199152353, 0.4571853199152353, 0.4589184474084389, 0.6239710278259895, 0.4612150969797836, 0.4759749745821925, 0.6932440151396344, 0.45010708744825934, 0.49983234819619166, 0.44099268425038934, 0.4922883988832955, 0.5203970327447236, 0.4770476972803546, 0.44017446527189596, 1.0, 0.4704161958061741, 0.49846460073308974, 0.45010708744825934, 0.4892848731181625, 0.478636816891091, 1.0, 0.49855836557948746, 0.5298661922688587, 0.47997364007782284], "level 3": [1.0, 1.0, 1.0, 1.0, 1.0, 0.4768702073345804, 0.5600019358836734, 0.49599493596972727, 0.5688110001635642, 0.483522482701781, 0.5371112958340951, 1.0, 1.0, 1.0, 1.0, 0.7410224173963114, 0.5996268211534859, 1.0, 1.0, 1.0, 1.0, 0.702934875408268, 1.0, 1.0, 1.0, 0.6436922762377417, 0.5737276640008961, 1.0, 1.0, 0.5158731466160099]}, "3": {"level 1": [0.22983554649777851, 0.2237754570756253, 0.21225368638291614, 0.2054674150459587, 0.19320848987917993, 0.25199940576305124, 0.2294321401041789, 0.25127388559240876, 0.2506874265164262, 0.26681777130109063, 0.20368516715303492, 0.23903581741231605, 0.20522970246083766, 0.18025424927753922, 0.2106238469025029, 0.20559222332616597, 0.23832888991615858, 0.30017120306286993, 0.28612666235265516, 0.23009967755531285, 0.23324819773365169, 0.2384897172914811, 0.21199237636885343, 0.22319091631880356, 0.24888623701268542, 0.19954231380147525, 0.22393528443680255, 0.206043289501507, 0.27161693610303306, 0.2670680551945036], "level 2": [0.35677935527882865, 0.27353163990300433, 0.20526808235846122, 0.2531195295554459, 0.24719541580264454, 0.2746239542694209, 0.23539473727068205, 0.2598054380313479, 0.23887436147095245, 0.3439789464610189, 0.20018442018830335, 0.2636618566662117, 0.22266517364654848, 0.22545418932107197, 0.29315333054551646, 0.2157456977666897, 0.209356719518292, 0.22078230293454418, 1.0, 0.2560590039510706, 0.26409632522133186, 0.24295560927679033, 0.23591348227245942, 0.18982504611003392, 0.2761809625862818, 0.25883674340795354, 0.3992149431386771, 1.0, 0.3703174671456756, 0.26004848720624174], "level 3": [0.23186059196305628, 0.26853921032249345, 0.2732772343280887, 1.0, 0.254682411948571, 0.27847323574839133, 0.26237372173951234, 0.3262237260628641, 0.3374210442113604, 0.25820781262139203, 0.3442848837640621, 0.2383376951309421, 0.34705711895414837, 0.2467142841289896, 0.3164068016487228, 0.2770168622733319, 0.2697046620839588, 0.23914303576214124, 0.2823647449405324, 0.27904782398838074, 0.3461392045365659, 0.3117520517352472, 0.31072755440298516, 0.2842018323649926, 0.39241363750213165, 0.3074889928063828, 0.28510884994605135, 0.2895028893964122, 0.2501534479776489, 0.2750197894536237]}, "4": {"level 1": [0.3488033080440124, 0.3099531863104049, 0.3900364728645184, 0.32651373863289823, 0.3908288122544541, 0.3098714362924639, 0.30053973212180796, 1.0, 0.2805416601254469, 0.3437411463114629, 0.3584903985975989, 0.3172690113304027, 0.3436045335316656, 0.33158721469630464, 0.4082926851472924, 0.4640075033805401, 0.2831556589845089, 0.4069447484739238, 0.4273521654390265, 0.3169023973191155, 0.3586968839834529, 0.3376632269684785, 0.36655516813541256, 0.32405010938279, 0.3171467895356976, 0.2562068544810907, 0.2826077092608917, 0.42320528866452184, 0.24527455727744019, 0.35976128067631763], "level 2": [1.0, 0.4105689191500411, 0.40953432222895525, 0.4292811799844368, 0.37927858097417866, 0.4576170315775715, 1.0, 0.5715822519993345, 0.3939052806005712, 0.44438519005585797, 0.38052941045307337, 0.551009407202729, 1.0, 1.0, 0.3764554289180293, 0.3353274408059924, 0.5050450375327101, 1.0, 1.0, 0.43714118291450865, 0.4341658129363941, 1.0, 0.43638727205940886, 0.43397854395776625, 0.43603668722909095, 0.6072081910285658, 0.5028581406565881, 0.4861917501561003, 1.0, 0.5974656765487454], "level 3": [1.0, 0.6700238649968997, 0.6853863410822776, 0.5985199455464565, 0.6114828303175, 0.49063283016534004, 0.6630068973122407, 1.0, 1.0, 0.6114828303175, 0.4502456380705448, 1.0, 0.37386339770381144, 0.40754692487703437, 0.4874260914403426, 0.45779694957705896, 0.6302210368311796, 0.5889940893205505, 0.613234584528302, 0.663416506116729, 1.0, 1.0, 0.464855155678064, 0.40091902142127644, 1.0, 0.37915901521489376, 0.5625497370735038, 0.5733670172482725, 0.5567670494297534, 0.5219170117932213]}}