{"0": {"level 1": [0.3118114261677366, 0.3180591845192247, 0.2973984699479335, 0.29717351219093346, 0.2806371783769338, 0.376139912989528, 0.3681797504382617, 0.2767078683847676, 0.32201179755131437, 0.339565813671573, 0.32959830332852197, 0.22217705115506728, 0.2970858786648032, 0.30059855664422275, 0.32959830332852197, 0.3181171487218569, 0.32959830332852197, 0.2195737484275686, 0.30059855664422275, 0.2970858786648032, 0.3818535968116116, 0.24067976459941165, 0.2736908390827294, 0.26708138426796946, 0.40608469454630297, 0.3153436858906704, 0.25754416322646134, 0.2898700361885176, 0.3153436858906704, 0.29923955680614645], "level 2": [0.5878737075657785, 0.5070162172684527, 0.5878737075657785, 0.5519599985010525, 0.6588663513671504, 0.49400122192134094, 0.49191765292357104, 0.4828623660179022, 0.5576047295878521, 0.5497676398596634, 0.42632198462497384, 0.4648698315660901, 0.4937322616004008, 0.5352061965930726, 0.5413289053437873, 0.5407756211147121, 0.4880243291762952, 0.5374680582699762, 0.5481308609235167, 0.5362164625734206, 0.5143699623186125, 0.6141944902110467, 0.5890953603873021, 0.5266930647803646, 0.5885228385824701, 0.6614073363016102, 0.5840258512244096, 0.6516432526968823, 0.5721514226704862, 0.5492268834735299], "level 3": [0.6811566645078071, 0.6769519575652276, 0.6759482148870091, 0.6644805372844662, 0.6769519575652276, 1.0, 1.0, 1.0, 1.0, 1.0, 0.6555610709984472, 1.0, 0.772711880334184, 0.6467466752028067, 0.7710420190007886, 0.8050000459741671, 1.0, 1.0, 1.0, 1.0, 1.0, 0.6769519575652276, 1.0, 1.0, 0.6929329137620683, 0.6854802680558534, 0.6769519575652276, 0.6636778045804865, 0.6710711387863366, 1.0]}, "1": {"level 1": [0.47471879265272365, 0.3878775684529085, 0.4617456541175818, 0.4394494381952249, 0.4149504592704927, 0.36760239196788114, 0.45511611670158325, 0.40254482468972885, 0.347182814997963, 0.42319990707359645, 1.0, 0.46033557086327337, 0.33609721045168783, 0.3116621286044021, 0.41055596277039663, 0.30943054378502116, 0.4185159858402365, 0.32500593615636164, 0.3402778564612355, 0.34031269562135735, 0.34498950759934754, 0.3662441822670017, 0.331191457736585, 0.3318944477024741, 0.3407200504785297, 0.40643166618896137, 0.4023492199879738, 0.3688613933067253, 0.40217721817267305, 0.415122153174904], "level 2": [0.3428484394820599, 0.4007984783663394, 0.32500814587459703, 0.32168764638331093, 0.32559614702541506, 0.39765312721403967, 0.2978344132701729, 0.2978344132701729, 0.4121876625241111, 0.32090860029420354, 0.31099469008374303, 0.32432706568173053, 0.31188336716297205, 0.32015354869300283, 0.31603934897196195, 0.34856165268252504, 0.3431465597270894, 0.3416157680284763, 0.3431465597270894, 0.34461871842551417, 0.313579197542264, 0.3309364774750775, 0.3137150075824395, 0.313579197542264, 0.3046126245954487, 0.30148025789163174, 0.31988357897263187, 0.31988357897263187, 0.3467837966531428, 0.32643629355367026], "level 3": [0.36429349622201346, 0.46971591265938795, 0.5462228814374037, 0.5366179814658442, 0.45484998708573576, 0.3630438861280742, 0.503694820931941, 0.5085846058757577, 0.5224388938237793, 0.3240054998484949, 1.0, 0.5806150489929444, 0.568688263760356, 0.5385521484509175, 0.2666676466639346, 0.37251627221493744, 0.3781440045315989, 0.39832042689544855, 0.4254744312606688, 0.4450773716010832, 0.5953818574440265, 0.5160863414100055, 1.0, 0.5905383589108598, 0.5299640150402629, 0.5358115316707021, 1.0, 0.4208785681903653, 1.0, 0.5346565385501767]}, "2": {"level 1": [1.0, 1.0, 0.4332399961419031, 0.2745974609764649, 0.4569843203178523, 0.4225500058977688, 0.4551302368856718, 0.41489705578485847, 0.4729906143454291, 0.4597279842681885, 0.3291333192257066, 0.4214668637294564, 0.4020937055446761, 0.4386918807212882, 0.5547295584000881, 0.4617119720540943, 0.4745275825141063, 0.45983362394155747, 0.4761663404325721, 0.5681573914448953, 0.33072690596833465, 0.3420982305874241, 0.3405698568010467, 0.46311938864704305, 0.43552489746843837, 0.46856073829558165, 0.40125958097475267, 0.34231034125924553, 0.39809693740248, 0.45115474796423416], "level 2": [0.5189385363086305, 0.5863714733704203, 0.5395725951018808, 0.5957274761112052, 0.5930434327407414, 1.0, 1.0, 0.40170266597828574, 1.0, 1.0, 0.4842218213406584, 0.5457763006307079, 1.0, 0.4463102081113638, 0.4799322002166345, 0.4711312053578608, 0.5236413328469733, 0.6094369069084375, 0.5570352241430221, 0.5783888257658509, 0.4392818017863871, 1.0, 1.0, 1.0, 1.0, 0.5903247663735822, 0.5783945175403329, 0.5829215160945082, 0.5797307423034478, 0.6223389686534206], "level 3": [0.6664586056343499, 0.4263070120861788, 0.42604211370466893, 0.46058284751921175, 0.4761164612104545, 0.42993160798197716, 1.0, 0.5942236394909798, 1.0, 1.0, 0.42216935024498803, 1.0, 0.4903832758290505, 0.4669391641263495, 0.47981769459657464, 0.44017172211551936, 0.6258729705497259, 0.48370013190915473, 0.4406760572646725, 0.6411649668782262, 1.0, 0.6087060459194922, 1.0, 0.4535778949780529, 0.47693925919676283, 0.4834141348501958, 0.6231273548892496, 1.0, 0.5065550908920436, 0.45790471507653707]}, "3": {"level 1": [0.303180404673309, 0.4615350724833486, 0.4615350724833486, 0.4433046442203753, 0.4433046442203753, 0.3821755580428319, 0.38741300256034183, 0.4428255917782941, 0.3828566926662409, 0.28090797093649633, 0.37746280465371873, 0.3762173139466964, 0.3890688317651373, 0.4051075987758208, 0.37878720344787964, 0.4273823148441064, 0.42066313478641304, 0.6006334705498368, 0.42066313478641304, 0.4273823148441064, 0.18933630300072857, 0.37530952285492014, 0.1982895963976206, 0.53574006253775, 0.2869990240834479, 0.4552961393784062, 0.4953043003726363, 0.5689901591522866, 0.49479502907120954, 0.3479617434917598], "level 2": [0.4315790706475565, 1.0, 0.4675539134148521, 0.32401888556023817, 0.6253668649407591, 0.46358398025840775, 0.47602246056087355, 0.4802208732438594, 0.3711387618615381, 0.479332711989953, 0.7135690529010277, 0.30137102774816094, 0.3909030862802537, 0.33422691420964534, 0.46617488439222476, 0.44426482320304916, 0.44905783401552474, 0.45584336774898, 0.39733614198860245, 0.5305883130735582, 0.40707768586757326, 0.4421615603134144, 0.4261098894111014, 0.44683998556844445, 0.42679928168899045, 0.3903934738872117, 0.35583575776696863, 0.4232758346844716, 0.3674869106353933, 0.38353445364041294], "level 3": [1.0, 1.0, 1.0, 1.0, 1.0, 0.9405651243219172, 1.0, 0.7766361793044219, 0.7771576200821231, 0.7766361793044219, 0.9588262181346878, 0.9651126065170843, 0.8353996185508793, 0.9118347425322808, 0.8662250979698372, 1.0, 1.0, 1.0, 0.8865679923047179, 1.0, 0.7470851099575928, 0.6299537542175084, 0.6208889916939733, 0.6345603690354218, 0.7538921964236307, 0.8168097796815137, 0.9170778941546402, 0.9056144277581865, 0.9398002311533749, 0.8935135909355203]}, "4": {"level 1": [0.37049675954376204, 0.3457894005831369, 0.3743749203351959, 0.42437436253521377, 1.0, 0.35823084163710384, 0.38028878757815254, 0.4121839769168043, 0.338238173738121, 0.35643303553699135, 1.0, 0.37349672519217, 0.3476777048501934, 0.40238772587244265, 0.3631187502374138, 1.0, 0.38657426490872826, 0.4834831376327823, 0.4007045850899009, 0.4563724665510732, 0.44547058162559505, 0.37007816688746664, 0.4069859093756836, 0.3954638997089859, 1.0, 0.3690303066702109, 0.3300377621053274, 0.3634769969402931, 0.3630305596529675, 0.42123786119421647], "level 2": [1.0, 1.0, 1.0, 0.4198973938832196, 0.407005119811294, 0.43275487794982515, 0.4580046578178998, 0.31173404818823774, 0.34318821802444793, 1.0, 1.0, 1.0, 0.4092826753230559, 1.0, 1.0, 1.0, 1.0, 1.0, 1.0, 1.0, 0.30253879137191314, 1.0, 0.3291383699744227, 1.0, 1.0, 1.0, 0.3583959679103328, 1.0, 0.3759245218179885, 0.332820950334636],