{"0": {"level 1": [1.0, 1.0, 1.0, 1.0, 1.0, 1.0, 1.0, 1.0, 0.3311203445651928, 0.254676647765643, 1.0, 0.2688842340174086, 1.0, 0.3094812099405921, 1.0, 0.29527458044991517, 0.4421499067326009, 0.21662602570939213, 0.3632649070768962, 0.2741338733490599, 1.0, 0.4056020397805405, 0.22779540494251746, 1.0, 1.0, 1.0, 1.0, 1.0, 1.0, 1.0], "level 2": [1.0, 1.0, 1.0, 1.0, 0.3366559803197394, 1.0, 1.0, 1.0, 1.0, 1.0, 0.34387390613605606, 1.0, 1.0, 1.0, 1.0, 1.0, 1.0, 1.0, 1.0, 1.0, 0.39005406768960166, 1.0, 1.0, 1.0, 1.0, 1.0, 0.6921091055015752, 1.0, 1.0, 1.0], "level 3": [1.0, 1.0, 1.0, 1.0, 0.6268267530856461, 1.0, 0.6056206901908643, 0.4712489679839169, 1.0, 0.4338492716924144, 1.0, 0.45432060223317405, 1.0, 1.0, 0.47259778701810884, 0.6593548047424838, 0.5644735957847448, 1.0, 1.0, 1.0, 1.0, 1.0, 1.0, 0.5259450977463288, 0.5103300708680742, 1.0, 0.5321744038158848, 1.0, 1.0, 1.0]}, "1": {"level 1": [0.47123716351150163, 0.5413077815414511, 0.29840438542981296, 0.5305388355670155, 0.32505870095539, 0.4903604977342177, 0.5380298709654967, 0.5212433431959196, 0.5212433431959196, 0.47314757860111356, 0.5476570781572827, 0.5240356843259171, 0.47314757860111356, 0.4821057461430275, 0.5231682819564805, 0.5290598846297454, 0.5580637935621665, 0.4417667946992635, 0.47944657800749585, 0.3880129512545144, 0.4346140491893116, 0.4403804255579461, 0.48042099069077104, 0.4896442486197272, 0.5384757470933244, 0.47610969013858695, 0.5230021540871385, 0.5118585937722108, 0.4009161881055402, 0.48665763833149067], "level 2": [0.5814780434205665, 0.5814780434205665, 0.6744003997288763, 0.6374683978783036, 0.6305347496611526, 0.5768713744358223, 0.6524938622930682, 0.6194805130982242, 0.5676217829445369, 0.6348651284828396, 0.6030697970377934, 0.7061109969021925, 0.6445997934647241, 0.6520007548476134, 0.6225057432254547, 0.5917285291515191, 0.6121588007091848, 0.6167634057987781, 0.6064780434205664, 0.6274053089261884, 0.6593550518608275, 0.5016496305819237, 0.6430099248629302, 0.6374830589596829, 0.5754398428088305, 0.560952672813742, 0.6540665660022544, 0.6453406451791328, 0.6300278734453735, 0.7016272765126146], "level 3": [1.0, 1.0, 1.0, 0.7532374165458183, 1.0, 0.8189328210883194, 0.8904766605708464, 0.7220079375941348, 0.701451574205803, 0.8344761539978428, 0.7596870230264179, 1.0, 0.7996579875512895, 1.0, 0.762070775423177, 1.0, 1.0, 0.8677693021584886, 1.0, 0.7408959671176296, 0.8057561338791738, 1.0, 1.0, 0.7610387650040695, 0.8399128259282919, 0.7007078219736005, 1.0, 0.8264884408289772, 1.0, 0.7659530250524069]}, "2": {"level 1": [0.6872883686084978, 0.6584583192444395, 0.598797682057968, 0.5885747718077111, 0.5910582553991899, 0.6232841166081166, 0.5844677969019627, 0.598797682057968, 0.5428324835741897, 0.6378083659710682, 0.676412358662668, 0.6930920268178695, 0.598797682057968, 0.587956006530846, 0.5777459656993216, 0.676412358662668, 0.620259190586626, 0.6064036288937433, 0.6360850575694739, 0.6064036288937433, 0.6495974410669956, 0.5746201867032391, 0.6997012334331245, 0.5859915598265419, 0.5772246831598975, 0.6433962526323569, 0.6205914406052351, 0.5024254989111884, 0.5859915598265419, 0.5553913224042322], "level 2": [1.0, 0.6846041015944062, 1.0, 1.0, 0.6635282159647382, 0.6742382608419404, 0.6807240199965023, 1.0, 0.7268737005945298, 0.6259385572591899, 0.5169144230023184, 0.7729490133341244, 0.5821321721304518, 0.4432731687050071, 0.5481978284438291, 0.62356488873449, 0.6181475079594296, 0.5724235402091977, 0.6791542156610537, 0.7440841750334831, 0.6171422731097413, 1.0, 1.0, 0.6682979513897636, 0.716731437596658, 0.49967371291244034, 0.6721616920312768, 0.5859903292332971, 0.5575460053567507, 0.5564945319580541], "level 3": [1.0, 1.0, 1.0, 1.0, 1.0, 0.7042623483244383, 0.7256607240090591, 0.6953403830942287, 0.678393509899732, 0.6953403830942287, 1.0, 1.0, 0.8240315819634929, 1.0, 1.0, 0.6832576853758225, 1.0, 0.4897873234011191, 0.4897873234011191, 0.4897873234011191, 0.8287168048692796, 0.726976144487067, 0.7071356650071997, 0.7071356650071997, 0.7071356650071997, 0.6710180889128362, 1.0, 1.0, 0.6824930941625194, 1.0]}, "3": {"level 1": [0.3518993080031395, 0.4234584674729317, 0.39117142163645024, 0.3475534347306159, 0.3503122588052435, 0.3436488204546817, 0.3546273218856587, 0.33046528144007903, 0.359793552767521, 0.4728860089377746, 0.4365841618495999, 0.33946209323443993, 0.3565988920195078, 0.3586820137280894, 0.378273165176078, 0.37230998286554373, 0.37597765278370154, 0.44128631856658274, 0.35032252832274247, 0.3252284076210476, 0.40342256773567486, 0.3544903035686496, 0.3745356463677466, 0.4032736691261879, 0.37507163444967584, 0.3087363499851673, 0.38426777935455636, 0.3605163359538808, 0.359793552767521, 0.4009756704261781], "level 2": [0.3726909498710617, 0.3648596881704592, 0.34958907630423286, 0.3305649428975157, 0.36978535415814806, 0.31324752074991863, 0.4239574334047326, 0.3841664595870754, 0.36009300348661544, 0.3804721925586756, 0.33877967023562416, 0.3338521405927709, 0.4130153142203995, 0.40598421827893105, 0.36726332819311114, 0.35951061206692314, 0.40678906180391394, 0.3165820070440549, 0.34892336066941343, 0.3331965374927197, 0.2861393981184781, 0.39775741079537735, 0.3690983013563768, 0.2921486988520361, 0.3689979662761437, 0.2916124837661904, 0.3713557680722499, 0.4136720044739205, 0.45414813769022777, 0.418337724960009], "level 3": [0.47329146461435795, 0.48934554786615, 0.6837838680046255, 0.47939084051468595, 0.4779045567419574, 0.6327900525168735, 0.5817819340375852, 0.6050655737770769, 0.6391333044353766, 0.6098846820478381, 0.3930042020662615, 0.49092382654052324, 0.5908906758113663, 0.5716425914150305, 0.4851584843336228, 0.45437325832143116, 0.4838666966940165, 0.6177996873268958, 0.5061206180946574, 0.696085129298115, 0.6222580471274752, 0.5749158193650225, 0.6622249909139122, 0.4737702641481272, 0.523602022962943, 0.44433078582851226, 0.6444561595708225, 0.6972036732433016, 0.4423388868676822, 0.572226193683551]}, "4": {"level 1": [0.6151362624856767, 0.6414778702717892, 0.6166974570707936, 0.4656088091697391, 1.0, 0.6007382938820552, 0.4972472940936918, 0.5084203545802914, 0.5592296074008971, 1.0, 0.6350310122087182, 0.524827868792815, 0.5368888626190895, 0.5688001704594965, 0.512675142274586, 0.5401384390053151, 0.5842255846347997, 0.5736035182310504, 0.6112321576505914, 0.5625945603125952, 0.5401252917243202, 0.5246044889033511, 0.5273727411676037, 0.5194906435242712, 0.5185090213694659, 0.6148417981542349, 1.0, 0.6018567609251764, 0.61321246818556, 1.0], "level 2": [1.0, 1.0, 0.648153682222892, 1.0, 1.0, 1.0, 1.0, 1.0, 1.0, 1.0, 0.451163458727402, 1.0, 1.0, 1.0, 1.0, 0.4104335286064394, 1.0, 1.0, 1.0, 1.0, 0.5075628571267983, 0.5477329757406836, 0.5393665321796545, 0.5888901064474622, 0.5837050632413573, 0.4477412516734898, 0.5791539494319398, 0.5849185969055166, 1.0, 0.6573284065547977], "level 3": [1.0, 1.0, 1.0, 1.0, 1.0, 1.0, 1.0, 1.0, 1.0, 1.0, 1.0, 1.0, 1.0, 1.0, 1.0, 0.6851601099268492, 0.6188835253684812, 0.6014339614910307, 0.6014339614910307, 0.6188835253684812, 0.5878820921089986, 0.6423028010415479, 0.6802765554354955, 0.5624979824922812, 0.6179563506398053, 0.7238023787582607, 0.612967360669017, 0.612967360669017, 0.5855798005338095, 0.5996057137962416]}}