{"0": {"level 1": [0.36023595121478214, 0.2727527997244094, 0.30868857810617545, 0.273895428748592, 0.27353509688251315, 0.3367471440160431, 0.3156036010294053, 0.2760612765897317, 0.3061112778864126, 0.28576324923608903, 0.2324736605662463, 0.23676642756266736, 0.27589519240991656, 0.3084771715820804, 0.32075861265472305, 0.26938094938729956, 0.2583701957676868, 0.2806687058235613, 0.27880371476830945, 0.3029598510578045, 0.24926225507584668, 0.24242237172916398, 0.365458578818186, 0.31506273029523135, 0.31213863483003856, 0.2678592828493542, 0.29753235080809604, 0.14693723418364352, 0.29416201649318685, 0.16226608501754686], "level 2": [0.5095079019635961, 0.4266914827294876, 0.4068182193674582, 0.41311998638790426, 0.40751192028464156, 0.4479994109766289, 0.43898849462354, 0.47932266083505454, 0.39164000440718516, 0.45161743972831425, 0.5233796925204285, 0.3420342918637582, 0.3967084314767314, 0.37422798076043584, 0.4727728521934913, 0.38283211301489917, 0.4351907540999732, 0.4028521102352045, 0.4487943457258923, 0.4540582818968295, 0.40747304142827373, 0.34212729976702216, 0.5038627003966045, 0.4120431863534074, 0.4371276937274956, 0.39856420232852696, 0.40837884975327166, 0.503957895009564, 0.48751608119086065, 0.538014939938646], "level 3": [0.7450798250172654, 0.7710868418057828, 0.7519808549147431, 1.0, 1.0, 0.5995247659174282, 0.7248784313476968, 0.754258022817115, 1.0, 1.0, 0.7450798250172654, 0.6578782646083776, 0.6389070261946079, 1.0, 0.7454486986344457, 0.7450798250172654, 0.8028589788339526, 0.6807773197865138, 1.0, 0.651021638949687, 0.7450798250172654, 0.8028589788339526, 0.7115193679803862, 1.0, 0.6767504729675236, 0.6886049482711883, 0.5238005063320182, 0.5490619428936327, 0.7392250027725457, 0.7171959017852114]}, "1": {"level 1": [0.30239239189666234, 0.44044124907474924, 0.4707585484074134, 0.35287177361214184, 0.22516768044148858, 0.3306553237999934, 0.2632134375795491, 0.5300135384101595, 0.1916509330169548, 0.2775597150084989, 0.3164003386082299, 0.5168214383422086, 0.38550782332876776, 0.16881448512345826, 0.31989659947131, 0.4986030338404551, 0.5523632868059557, 0.4759457517169958, 0.19739956304757011, 0.3328756597641329, 0.3555521996729865, 0.507361372067623, 0.49260802021381356, 0.2165307701301769, 0.2572932792557631, 0.2831388161115502, 0.3089472438938275, 0.4996968498918497, 0.6351313722156042, 0.2577074828168791], "level 2": [0.3453071337548189, 0.31832335007405943, 0.3567990259176752, 0.4209975814848472, 0.41584593509362133, 0.30239676160333945, 0.2932460153783469, 0.3698915806094436, 0.35297223433733593, 0.32454456172557866, 1.0, 0.3324621908497982, 0.32292594161056076, 0.338055256280329, 0.3054454716477706, 0.3105742728738292, 0.3253744117135752, 0.4002591583436831, 0.44157155463610187, 0.23584125642231407, 0.30239676160333945, 0.28783496886262716, 0.3757391352626721, 1.0, 1.0, 0.36736466945444013, 0.2791643718800446, 0.3426435817037655, 0.25321020766022295, 0.34407813199778403], "level 3": [0.5578763830107591, 1.0, 1.0, 1.0, 1.0, 0.4099146167060763, 0.3165728915134848, 0.3265651146240979, 0.35700239585644367, 0.3515784895720706, 0.2901029747311374, 1.0, 0.4833423268035097, 1.0, 0.4467434763313025, 1.0, 0.32222123320201657, 0.3425284181148017, 0.35841169449490873, 0.3401939679334554, 0.3841788223279065, 0.3478998905106915, 0.5548442242275288, 0.44510292487183334, 1.0, 0.39337528177006287, 0.3493080791317509, 0.3512136725197384, 0.4278696676758001, 0.5338366619810332]}, "2": {"level 1": [0.4369334220851767, 0.4133475806314151, 0.44319411824900556, 0.534964385168645, 0.4356033159155266, 0.4078493325974727, 0.41540649931972473, 0.3704957889560726, 0.2992271163741827, 0.3280566699858572, 0.42476070298627533, 0.5054248136844937, 0.32370896511415614, 0.4314441249121709, 0.47858231662499173, 0.5020049190962982, 0.442384699137981, 0.448707881319676, 0.2833584608435197, 0.46607704473997436, 0.4195939643453308, 0.4430469160318795, 0.34271040137862885, 0.43176968810369054, 0.33832316949140057, 0.42585719358692004, 0.4830754913143454, 0.3281019757894268, 0.24835672285337107, 0.3943041620692863], "level 2": [0.7455595873391977, 0.4583841042015425, 0.3949434632745756, 0.3691486373066903, 0.4944798089401672, 0.5283915421956278, 0.47520009162982657, 0.3087956056395778, 0.5599118352674561, 0.6634451372114427, 0.5643375500116034, 0.44212264139036445, 0.3087956056395778, 0.6924419988421054, 0.6494783740226054, 0.516910772200643, 0.4797551284889582, 0.5774087707322949, 0.567919731386437, 0.5801158459947902, 0.5735865333290406, 0.49071063071486387, 0.39364494487957624, 0.6707190377461723, 0.4620441686257869, 0.41385291111900024, 0.5787751462354664, 0.5932607165080226, 0.6455162597551256, 0.7145793728858041], "level 3": [1.0, 0.4744664294424232, 0.5858295438737336, 0.30449709353640053, 0.2759520488148909, 0.4302051180150171, 0.34785301874160873, 0.4514844135148188, 0.3326293680517173, 1.0, 1.0, 1.0, 0.49413616374404845, 0.3326293680517173, 0.2826579421179757, 0.40783596406288414, 0.34930300398619113, 0.3876109515361965, 0.3145329869352673, 0.35689943073481895, 0.48293030426491124, 1.0, 0.4844918667489448, 0.3166774772812043, 0.5615474297380781, 0.5837306713181231, 0.3963442784438629, 1.0, 0.39315408020896725, 0.41927715431211704]}, "3": {"level 1": [0.36783294610716777, 0.4529979764618852, 0.39146968302374596, 0.44175844291542765, 0.36783294610716777, 0.49191801920445805, 0.4368045829997521, 0.37928834225996966, 0.42454608305951, 0.3595878628245201, 0.5214740686015555, 0.44611229644361083, 0.45114804182209, 0.41827560946043946, 0.3701149615175262, 0.3909693895335147, 0.42570405949858847, 0.44978722833599855, 0.44172799996862455, 0.4066379346091006, 0.4757380727212904, 0.3851612008991464, 0.38321325369784787, 0.34635824732334775, 0.33796159849641316, 0.3898299068469585, 0.4923907989625469, 0.43411914832498455, 0.3676571040953238, 0.33814532921685214], "level 2": [0.46252097122622304, 0.33721266654592946, 0.4750506449936433, 0.41703539283530544, 0.4238692604383775, 0.4767071696171201, 0.4840771683041011, 0.49563543690966155, 0.4698655815145507, 0.4717249220137437, 0.43289484474927986, 0.45724531586305267, 0.4544018413566353, 0.43263861817890437, 0.4559953368452824, 0.49033584671197117, 0.32646570146233356, 0.3459085792349396, 0.3635345279566542, 0.4082601806039733, 0.3414946931831633, 0.5361054352146487, 0.42022779062808013, 0.41117241664197585, 0.4194231376181551, 0.4369517607974079, 0.3076852248009724, 0.5237205693514765, 0.46135516892647366, 0.4487886291900963], "level 3": [1.0, 1.0, 1.0, 1.0, 0.48022519934317387, 1.0, 0.6408990123270011, 0.4942818643973981, 1.0, 0.4928206059947985, 1.0, 0.8516945249851489, 1.0, 0.8171668982746021, 0.5682551228428923, 0.7795483272556114, 1.0, 0.8097564402708566, 1.0, 0.7219168951688406, 1.0, 1.0, 1.0, 1.0, 0.8604772519916923, 0.8544730980379447, 1.0, 0.6315280963941355, 1.0, 0.6315280963941355]}, "4": {"level 1": [0.40689512778159875, 0.37071491965112674, 0.40724090799569534, 0.3806060771283115, 0.358401746122189, 0.3741801117295382, 0.349959971961047, 1.0, 0.4044151401314874, 0.32178665693678743, 0.4329971944380434, 0.3733557115617566, 1.0, 0.47629124111482146, 0.26995381976992516, 0.3164112415018512, 0.3991878855266422, 0.4130790693741013, 1.0, 0.2981243951470516, 0.33998088368779716, 0.3719296119389742, 0.4504932081844893, 0.3804447113590429, 0, 0.3619704632361733, 0.42656555515893224, 1.0, 0.42408004973449254, 0.38293733365918886], "level 2": [1.0, 0.3770998816088277, 0.3507065277711605, 0.37673858792010434, 0.3443572083366586, 0.352851732238619, 0.3368192254039794, 1.0, 0.3930202185421365, 0.3851136931212132, 0.3721890382482808, 0.31457165241826, 0.3348481183161659, 0.3615837136674617, 0.3511361366378447, 1.0, 0.3099689639344997, 1.0, 1.0, 1.0, 0.3787318492093155, 0.3704572716919016, 0.3785825453289312, 0.43213579239343425, 1.0, 0.3364814463022462, 0.3719296119389742, 0.38076316129346416, 0.4231525987821224, 0.3527123615025399],