{"0": {"level 1": [1.0, 0.38229964992891985, 0.2565302223899246, 1.0, 1.0, 1.0, 1.0, 1.0, 1.0, 1.0, 1.0, 1.0, 1.0, 0.2605935281412149, 1.0, 0.42984558003164897, 0.4248179088553773, 0.4597693354230726, 0.3491731694112277, 0.21588439760209194, 1.0, 1.0, 1.0, 1.0, 1.0, 0.5010253153555693, 1.0, 0.23285366419033188, 1.0, 1.0], "level 2": [0.5360974326696142, 1.0, 1.0, 0.29739024642463596, 1.0, 1.0, 0.35287999124484115, 0.2976450694495044, 1.0, 0.360373177481964, 0.4211077690115298, 1.0, 1.0, 1.0, 1.0, 1.0, 0.6120210119372602, 0.3272623326936473, 1.0, 1.0, 0.4551176363578875, 1.0, 1.0, 0.3797157036173224, 1.0, 0.397157676019821, 1.0, 1.0, 0.48694901709605826, 0.41886371492602215], "level 3": [1.0, 0.5264381958903974, 1.0, 1.0, 0.6003645350444751, 0.5031901525312485, 1.0, 0.5078913899741486, 1.0, 1.0, 0.4230063419579728, 0.47198502509515006, 1.0, 0.34220564226156824, 0.6383778055127877, 0.46015692101765676, 0.47198502509515006, 1.0, 0.3773676708787562, 1.0, 0.5164871642001179, 0.4117986628614452, 0.37961033015737156, 1.0, 0.42537109306683685, 0.3956626009014766, 0.43547818924208914, 0.5704009390016158, 1.0, 1.0]}, "1": {"level 1": [0.45490795684217133, 0.522637120383442, 0.36699812140147586, 0.44641063984469165, 0.3948542749477013, 0.5351005744859494, 0.6429024584146111, 0.47112469679836205, 0.4506836793817682, 0.48484768844719894, 0.5278637814001216, 0.5580535923172683, 0.5546010064087308, 0.5786043748952711, 0.500470126838738, 0.4781867400231836, 0.5032061285148965, 0.4897144796260017, 0.3573527958085141, 0.5121866219888134, 0.5130240589473898, 0.5384739436570187, 0.36177438214769986, 0.4119088673578024, 0.5633162599201054, 0.54354113141033, 0.5782923396750236, 0.5124663093776844, 0.5294861881029558, 0.5158340686239685], "level 2": [0.630668089695532, 0.671317369762929, 0.6576076352674157, 0.6457203992262209, 0.6573107839276261, 0.5923477202075287, 0.6065767863766056, 0.6406948650212405, 0.6446272058012606, 0.5517772659792164, 0.6986071440595916, 0.5543201084916441, 0.5600149992101864, 0.5781564546517883, 0.6017151399069527, 0.6582656265273292, 0.5468315286542693, 0.6061632364945954, 0.6453495030015923, 0.5738685714844075, 0.5923425239046025, 0.6903575436232552, 0.6308439074389312, 0.6739495403224836, 0.6064060082515847, 0.7041969597082616, 0.4804805599485585, 0.6674000339111293, 0.659028116448886, 0.6254138831092725], "level 3": [1.0, 1.0, 1.0, 1.0, 1.0, 0.8555563891413536, 0.7672370771487301, 0.8385607972747089, 0.7136235833467381, 0.8077257645487764, 1.0, 0.8493792490781827, 1.0, 0.8242250348852569, 1.0, 1.0, 0.7183972049323546, 1.0, 0.849576934287967, 0.788227864166979, 1.0, 1.0, 1.0, 1.0, 1.0, 1.0, 0.7211444515232521, 0.7084921320083928, 0.7267589820299811, 1.0]}, "2": {"level 1": [0.6471655031969741, 0.6469031815316442, 0.5954559434958733, 0.40276159242058673, 0.5802020829424062, 0.6174857746589862, 0.6257769341377781, 0.32393802635556534, 0.5802052330301256, 0.5981427003821962, 0.5434653593984524, 0.5962727236315029, 0.4487544735900038, 0.5873553604939881, 0.5019551607471345, 0.5484946451840468, 0.645550904128338, 0.5100890909972133, 0.5085310341240886, 0.6968110653143067, 0.6290042398064033, 0.6095361693446125, 0.5200773645623518, 0.5688784175036228, 0.5777459656993216, 0.5939895715220207, 0.5849841516327726, 0.6430727694329703, 0.6351502294162821, 0.5711071799281067], "level 2": [1.0, 1.0, 1.0, 0.6062575073683372, 0.6879227637307239, 0.68118437632122, 0.7613799248051315, 0.5372612270922086, 1.0, 1.0, 0.6181691572464194, 0.5188179730699506, 0.5320784048657405, 0.4093921178990899, 0.4577873982231574, 0.7820962892612395, 0.6060785468522386, 0.5652173590362997, 0.6082245679805123, 1.0, 0.7734811178802609, 1.0, 1.0, 0.5645551961028982, 0.7166887776997486, 0.6415625190344056, 1.0, 0.5318235260502777, 0.525751478441963, 0.668678906106493], "level 3": [0.6652625133364974, 1.0, 1.0, 1.0, 1.0, 0.6953403830942287, 0.8511631795967224, 0.6953403830942287, 0.6953403830942287, 0.5086135302588615, 1.0, 1.0, 1.0, 1.0, 1.0, 1.0, 0.6448433758906738, 0.4897873234011191, 0.6765103099110359, 0.5207110569855109, 0.8310145414526987, 0.7071356650071997, 0.7071356650071997, 0.8310145414526987, 0.7071356650071997, 0.7091476519964455, 1.0, 0.5548656969544581, 1.0, 0.5211129562798305]}, "3": {"level 1": [0.3854489651136249, 0.5111270529412603, 0.32374086743916697, 0.22562954462981527, 0.30251864761593683, 0.36766797260888734, 0.44963685086741195, 0.34246579751187317, 0.39207120126407086, 0.4303775399291082, 0.36722088557329624, 0.3457417921645809, 0.3540261250181591, 0.330929728293458, 0.36595596160501653, 0.4058619584522822, 0.392558723742314, 0.397793705121676, 0.30634660745107184, 0.3949020140752939, 0.38781257816829096, 0.385370578789759, 0.4508871008885079, 0.46880499263234165, 0.4035765367719889, 0.39893266888379, 0.40497435774896096, 0.3490186436122307, 0.2049637291637568, 0.3581870608318951], "level 2": [0.4687885595947782, 0.3719825741380335, 0.5431139190420919, 0.38998487354636896, 0.3721517786629303, 0.36592472425566536, 0.34971093754312516, 0.5711037383898979, 0.40421234505768133, 0.4376308166563768, 0.37880229847930913, 0.40561657455088596, 0.5845945914542044, 0.22612643389826045, 0.3477408270881362, 0.4343643780734998, 0.40399490952276396, 0.44172829414550263, 0.3626377632596024, 0.3551657784738275, 0.39075132675871704, 0.3982383978250968, 0.31809863534680194, 0.39949638825406497, 0.24669496508494299, 0.37510516508547315, 0.36200539620819927, 0.5138360526745791, 0.3703504513836797, 0.4377338800251858], "level 3": [0.39496637246668054, 0.6049135965062002, 0.5673541784960783, 0.46558583774814555, 0.5957313324089971, 0.45104737629091907, 0.4315381139300266, 0.6022038567976997, 0.4328525346076474, 0.44456585599752474, 0.46129681743993534, 0.3936548417142661, 0.45732559149640456, 0.38441833942581133, 0.38187997818555974, 0.46351067455482464, 0.4946920996986273, 0.47223453483607575, 0.44562110223754015, 0.37801324115135404, 0.4279502675012284, 0.6606114848168245, 0.4761734302373716, 0.3550560124524401, 0.46657873104381986, 0.5581361586491026, 0.4461633948509939, 0.47250948794079, 0.44755643547936874, 0.45515869409256354]}, "4": {"level 1": [1.0, 0.3767256919795646, 1.0, 1.0, 0.5517934797578264, 0.4765243948915956, 0.3633292709659903, 1.0, 0.4140418813527041, 1.0, 0.51447917345973, 0.5131822079728913, 0.6342086552375178, 0.23888953151974404, 1.0, 0.5167637884055676, 0.5667977812760938, 0.3179549238706356, 1.0, 1.0, 0.47120984919035636, 0.42817662854988936, 0.491343362534431, 0.39978417923345844, 0.4020014099825967, 0.5366634056042853, 0.5897131245354126, 1.0, 0.37606782421918095, 0.5856507948623022], "level 2": [1.0, 1.0, 0.6312111292516914, 0.577460399401025, 1.0, 1.0, 1.0, 1.0, 1.0, 1.0, 1.0, 0.5161117608323128, 0.6164983452435304, 0.5434805027224493, 0.49910298051260743, 0.5152355885334483, 0.510271208615842, 0.5171138594493025, 0.552407677500912, 1.0, 0.6002456151027535, 0.5143033425360602, 0.5446666677713907, 0.6011286640979544, 0.5504139312873049, 0.5522323304365861, 0.511707089770332, 0.5714650054532149, 1.0, 0.5395619661864696], "level 3": [1.0, 0.8666661968442873, 1.0, 1.0, 1.0, 1.0, 1.0, 1.0, 1.0, 1.0, 1.0, 1.0, 0.5007219836139966, 1.0, 1.0, 0.6851601099268492, 1.0, 0.6014339614910307, 1.0, 0.6912559535307644, 1.0, 0.7651626703243586, 0.6630737009796075, 0.6458710500291271, 0.5517201349742595, 0.5658842250479867, 0.6855618543464158, 0.612967360669017, 0.6246057137962415, 0.6119354867682341]}}