{"0": {"level 1": [0.3189446946114636, 0.22991977691563442, 0.31865449401813506, 0.3256385795722398, 0.2742284482465362, 0.18586245908495874, 0.5437767310846084, 0.4542528962616643, 0.3419909477602809, 0.3419909477602809, 0, 0.2868607643019615, 0.383549249419612, 0.38265433552795, 0.5144945860552265, 0, 0.2944047648821656, 0.2862847616608481, 0.3833045221043402, 0.2865764406408147, 0.5042158249178189, 0.34355043482487685, 0.4429551288086775, 0.3372093521379485, 0.443395272787847, 0, 0.4378075882558664, 0.4290408469526278, 0.44556671598548625, 0.47347861790254464], "level 2": [0, 0.712089891400163, 0.7160541269798821, 0.4388122526829113, 0.5425647217793452, 0, 0.5319122371362914, 0.5979776406462581, 0.2868352056690025, 0.47273299744710384, 0, 0.4706540207684866, 0.36400170081473915, 0.43868278834921504, 0.4754125080452799, 0.5334543330563497, 1.0, 0.5132113794904426, 0.5140382859139249, 0.48781047533694555, 0, 1.0, 1.0, 0.6248236511202078, 0.37564039121672504, 0, 1.0, 0.6000768160193309, 0.57400894614324, 1.0], "level 3": [1.0, 0, 1.0, 1.0, 1.0, 0, 0, 1.0, 0.7420990259930349, 0.9134452756540299, 0, 0, 0.788601099352772, 0.7952447322374583, 0.788601099352772, 0.9134452756540299, 1.0, 0.8777262869370188, 1.0, 1.0, 0.721169628701986, 1.0, 0.7195895789816873, 0.7707031655100383, 0.721169628701986, 0, 0.776244390142445, 0.9134452756540299, 0.8991737957346377, 0.776244390142445]}, "1": {"level 1": [0.35159776889777933, 0.35156511827949594, 0.35156511827949594, 0.3554614813308769, 0.30740469364360146, 0.35309190358108766, 0.32846376616261613, 0.32790462037004753, 0.35309190358108766, 0.30882902220137126, 0.2897385068080992, 0.32949983705703434, 0.3293011244431804, 0.3434189347209811, 0.3294927011749497, 0.2280426654621192, 0, 0.20246273824620703, 0.2146933305144768, 0.19103119307670788, 0.31791683010232497, 0.3179253138631155, 0.3293614708152515, 0.3179253138631155, 0.3179253138631155, 0, 0, 0.32934540153089636, 0.3088500031731018, 0.30183301859875855], "level 2": [0, 0.5852756909885448, 0.5305442757740149, 0.4992861496263618, 0.5332668036359542, 0.573341293903527, 0.613621878031216, 0.5042590386687258, 0.573341293903527, 0.3318466346795283, 0.5011988093677754, 0.4555612567353646, 0.4255213646836627, 0.45543278281769706, 0.4873625255097779, 0.5027935226334981, 1.0, 0.5304540213622521, 0.564830743963885, 0.46510278265935845, 0.54618085654002, 0.5479716370863683, 0.432840114967072, 0.4766122898486154, 1.0, 0.34680219579483346, 0.4579761559210117, 0.49370092237557806, 0.49370092237557806, 0.46244074653708894], "level 3": [0.5235362284198376, 0.45887348178185194, 0.5213348600411105, 0.5603623151929278, 0.5847073122743756, 0.4519374155677262, 0, 0.4706234531497106, 0.4623996666899325, 0.47701329570653533, 0.5721164563775912, 0, 0.5721164563775912, 0.5927095730742162, 1.0, 0, 0, 0.6462948701825869, 0.7103890791727532, 0.5108488936105893, 0.5253966293198375, 0.5563834085784551, 0.5723289411297696, 0.5549355622493487, 0.5450414386517023, 0.5674449130144048, 0.5806167166796466, 0.5676799942748135, 0.5369062687956745, 0.6266687936223458]}, "2": {"level 1": [0.4699428775758152, 0.5323532144230593, 0.469221638585926, 0.4620652003600917, 0.4693466056516543, 0.47237934028695505, 0.46956763849415484, 0.49884793320957393, 0.4922022559777362, 0.46949604158753555, 0.4192595859435336, 0.4056841079122486, 0.40562267043599837, 0.38632926920257116, 0.3901126346246788, 0.4964821755051029, 0.4095676384941548, 0.47639777241031106, 0.48496930918285963, 0.3981927517858904, 0.6209470924367071, 0.4703185040607516, 0.47039703274472366, 0.48225227916583424, 0.498236424165826, 0.3601663522931419, 0.4053273901653371, 0.357902938255548, 0.36694371543357407, 0.33711299783515225], "level 2": [0, 0.38960517873928446, 0.3831102709490855, 0.40927248747427125, 0.4215866417919364, 0, 0.5096240076454333, 0.4787465523650619, 0.4953198082578095, 0.4220829892189415, 0.5103230468668086, 0.5208598057966223, 0.3828815087653125, 0.4956511600599844, 0.43500063737687944, 0.43652291566863677, 0, 0.5591766578163921, 0.5295389899193164, 0.4961978588619146, 0.4697593123385956, 0.4698143311624339, 0.4956308947299054, 0.4791394006413362, 0.47296147480378514, 0.40685662471157835, 0.6167898890629353, 0.48081982625746994, 0.40685662471157835, 0.45159399045447984], "level 3": [0.5656916442590894, 0, 0.558266352687264, 1.0, 1.0, 0.4220076305521284, 0.42015760954483355, 0.4514816750261047, 0.5375694176783158, 0.5393012617264384, 0.5492578130748533, 0, 0.5284612791141441, 1.0, 1.0, 1.0, 1.0, 0.5283578885359204, 1.0, 0.4196066568478529, 0.5843280491014413, 0, 0.5587290772775948, 0.6282377432098813, 0.534699913074095, 0.4514816750261047, 0, 0.4301349089204953, 0.5014607525324435, 0.4301349089204953]}, "3": {"level 1": [0, 0, 0.18728010589231142, 0.27957989071680545, 0.20850118116601268, 0, 0, 0.25477036580817436, 0.25432748077358874, 0.27852890316035617, 0, 0.2335339447370684, 0.2536251612413677, 0.24336388311979015, 0.2679805852386717, 0.22320217247030347, 0, 0.29194687055751145, 0.2541669994345193, 0.17616552460871, 0.27242628881815717, 0.23641977885937338, 0.239043030456846, 0.26775912314838346, 0.24442186794765894, 0.2523675505205438, 0.22714570988218757, 0.28627189548228826, 0.27252843583689534, 0.2684200766742577], "level 2": [0.26596231291644734, 0.2608134401466682, 0.24693179660706088, 0.2461998545731887, 0.2606254314757045, 0.2351893848150557, 0, 0.23835179195333125, 0.21722329917359684, 0.25846400251332224, 0, 0.2614613513692245, 0.2554744060559921, 0.2614961418745308, 0.2519524694465495, 0.2879569218443142, 0.24733860452198697, 0.2517747235666148, 0.24555955869077656, 0.23525092090036137, 0, 0.22009813229772215, 0.2731618587826837, 0.2625266215400813, 0.3035122100711956, 0.20581916916952236, 0.2681002697816313, 0.2511890241201828, 0.28589372805098645, 0.21840337262340648], "level 3": [0.3149337500084388, 0.23880118387790233, 0.21485336730453905, 0.29314073606037494, 0.32133384485722405, 0.2570484901860137, 0.30418248802725584, 0.22533293776815258, 0.3046402309828794, 0.23610321402865939, 0.2517673168319353, 0, 0.27777500723649323, 0.3186476090943734, 0.3757729354441367, 0, 0.20111721838177954, 0.18859882055809857, 0.275362413693905, 0.30389663007553724, 0, 0.286427521200768, 0.30416545931928773, 0.29814589596328966, 0.3198804832151183, 0.3095790505391632, 0.31297299667498135, 0.3031704338621436, 0.3031704338621436, 0.3126689816332099]}, "4": {"level 1": [0.26408878033142813, 0.3668088559797352, 0.3656351726497167, 0.371186300249889, 0.38708652067675964, 0.3663322723934419, 0.35099741169078, 0.35099741169078, 0.35413738792770405, 0.3676501581628542, 0.21925972166756658, 0.2192804765298789, 0.27445343609041306, 0.2991833782496356, 0.26427266343737793, 0.34309683890358, 0.34943216706259767, 0.30927480570960175, 0.3386230258324827, 0.3503683122166903, 0.2875550872466187, 0.31070995153971886, 0.2875550872466187, 0.23642030013383314, 0.4138282290729448, 0.2499303389071752, 0.23167207276055515, 0.23167207276055515, 0.3021380764663302, 0.34615622866825213], "level 2": [0.3969986965440745, 0.3844770926702953, 0.2879584930385676, 0.3969986965440745, 0.36901483269452107, 0, 0.4689889512327066, 0.516574130254422, 0.45548899140925064, 0.4383820224847375, 0.2879584930385676, 0.4167409631260308, 0.3906540066042917, 0.49384123398656976, 0.3205522655906748, 0, 0.3904244321772529, 0.4405893797915084, 0.3226385865996407, 0.43304456411265546, 0, 0.4631887701515285, 0.4282836055809808, 0.47824792383668624, 0.5142149251246094, 0.444088296551446, 0.5563731344206035, 0.33759023537481314, 0.4014194129566576, 0.444088296551446],