{"0": {"level 1": [0.29482108332159407, 0.3237579223826912, 0.3753708256084976, 0.3753708256084976, 0.3237579223826912, 0.32230122395841254, 0.45142348371910634, 0.3753708256084976, 0.4147435019057956, 0.4386544363642357, 0.32230122395841254, 0.3485402932905838, 0.30767821247024557, 0.37717690530562104, 0.45311849220630984, 0.3837995715345948, 0.3881008563170211, 0.273302741717332, 0.3082585661204391, 0.3207675726927409, 0.3205996582700926, 0.34412937259732346, 1.0, 0.4138862136514951, 0.4115130234712567, 0, 0.3485402932905838, 0.32072669560685685, 0.34952398345807006, 0.34496623929162684], "level 2": [0.6275379693865465, 0.4808129908122163, 0.4538843012535474, 0.40284440349079476, 0.5887571459889238, 0.40328714523627546, 0.4348159425766902, 0.40328714523627546, 0.4305128387622587, 0.4179271302043453, 0.41564548549533975, 0.352947990080721, 0.41112518762287337, 0.42362725394893935, 0.46714358486993984, 0.43639482450024364, 0.39937126327377626, 0.3850575784058784, 0.35504424565555875, 0.47547147869228734, 0.41840362437848344, 0.3958383444917554, 0.4387237022280643, 0.3855126045128482, 0.4629289043325825, 0.338987312693849, 0, 0.33987824791181825, 0.3759042722922724, 0.3124253633043465], "level 3": [0.5368995914092778, 0, 0.5791813168121567, 0.4974140951661553, 0.42630722702538615, 0.4206211553249939, 0, 0.433814535929002, 0.46079942695205295, 0.47825451479167114, 0.4568816321944479, 0, 0.46794154142275923, 0.4657703317225905, 0.5245976008751745, 0.4620584321663117, 0, 0.3370827340555732, 0.43938285262914917, 0.3719939444328003, 0, 0, 0.637450376424807, 0.34805752519402766, 0.4363639884554391, 0.46790937041680997, 0.4126466983504678, 0.47832042663628876, 0.5139620390749265, 0.44762151349850443]}, "1": {"level 1": [0.409404726113734, 0.47697686079650525, 0.390922495531684, 0.3039469787563266, 0.3039469787563266, 0.45222049323082236, 0.45222049323082236, 0.47550794510655287, 0.45222049323082236, 0.45222049323082236, 0.47697686079650525, 0.47697686079650525, 0.47697686079650525, 0.47697686079650525, 0.47697686079650525, 0.3039469787563266, 0.3039469787563266, 0.3039469787563266, 0.3039469787563266, 0.3039469787563266, 0.5621589857695855, 0.5815673570447311, 0.5069475041341814, 0.5815673570447311, 0.5815673570447311, 0.6142995983623054, 0.6077121343165617, 0.5639653421350894, 0.42383141374594213, 0.5139311302844054], "level 2": [0.6702306574614707, 0.6702306574614707, 0.5371109877971438, 0.5882838621950021, 0.598682866677762, 0.5371109877971438, 0.5661008600192825, 0.437048564763941, 0.5913846811987007, 0.5371109877971438, 0.6732807276574189, 0.6819821846280796, 0.6732807276574189, 0.631926640348353, 0.7132398412729377, 0.6623387676449972, 0.6585392556420941, 0.5080277424824271, 0.5243576943978778, 0.5391501958208181, 0, 0, 0.4621056660211252, 0.48539284234894897, 0.5074510820454755, 0.4881176980888118, 0.4881176980888118, 0.4881176980888118, 0.5481217044402552, 0.4697584972963488], "level 3": [1.0, 1.0, 1.0, 1.0, 1.0, 0.7911207379159831, 0.7486898081772629, 0.8415644935812416, 0.7889272998954023, 0.8193183333528105, 1.0, 1.0, 0.7132457833638726, 1.0, 1.0, 0.8274082363955253, 0.8563208432376497, 1.0, 1.0, 1.0, 1.0, 0.7167317143592725, 0.7139232876225132, 1.0, 1.0, 1.0, 0.689446231505267, 1.0, 1.0, 1.0]}, "2": {"level 1": [0.6864260947571821, 0.6143606788495495, 0.6864260947571821, 0.6864260947571821, 0.5401153509175144, 0.6864260947571821, 0.6143606788495495, 0.6864260947571821, 0.6017809913084793, 0.6621836705147579, 0.6621836705147579, 0.6621836705147579, 0.6621836705147579, 0.6621836705147579, 0.6621836705147579, 0.5824152276242704, 0.581678808754192, 0.6437752502008929, 0.581678808754192, 0.581678808754192, 0.5271269680920581, 0.6255591852183604, 0.6255591852183604, 0.5396469587023679, 0.5271269680920581, 0.6864260947571821, 0.6143606788495495, 0.6864260947571821, 0.6143606788495495, 0.6621836705147579], "level 2": [0.8409439728900131, 0.8409439728900131, 1.0, 0.7011541764962018, 0.6747845468383434, 1.0, 0.584378622695811, 1.0, 0.717042703998128, 0.5524382536805907, 0.5254644354975497, 0.5812267603359869, 0.5933403416839631, 0.5196155833498369, 0.5739819893364202, 0.8397083779262167, 0.6941978823200146, 1.0, 1.0, 0.5573022899770521, 1.0, 1.0, 1.0, 1.0, 1.0, 0.5338339107997963, 0.5338339107997963, 0.5338339107997963, 0.5338339107997963, 0.5338339107997963], "level 3": [0.8252447264038045, 1.0, 1.0, 0.5372530601337933, 1.0, 0, 0, 0.9902035044035443, 0.9902035044035443, 0.9902035044035443, 0, 0, 1.0, 1.0, 1.0, 0.8839361577406137, 0.8775394711198259, 0.6914086241631048, 0.6914086241631048, 0.6731331778487628, 0.6929971060289889, 0.6014697758801083, 0.6929971060289889, 0.6929971060289889, 0.6929971060289889, 0.5361342743502564, 0.9087031094976169, 0.49471408760242086, 0.6236448346610955, 0.9023786766100667]}, "3": {"level 1": [0.2989935232904438, 0.34082326475910896, 0.2716599353570462, 0.2862545299516408, 0.38001010147681413, 0.3184151012890835, 0.32240672114061075, 0.3214731609846575, 0.30095519508423396, 0.28513920618303923, 0.33436274440960334, 0.3656617744989995, 0.3370988402028077, 0.3166843703914629, 0.32547019030965374, 0.28553139681594086, 0.21486812219535395, 0.3581524801390484, 0.3581524801390484, 0.23172957009610343, 0.3227773070742276, 0.2793919356108602, 0.27954498982995957, 0.3227773070742276, 0.3227773070742276, 0.28166377153405897, 0.29850638125890866, 0.28005774073030576, 0.3436545829953525, 0.3616025049361815], "level 2": [0.35709775376593633, 0.35709775376593633, 0.38350202769271713, 0.32078167624761217, 0.34592415101251267, 0.35323519164303435, 0.35323519164303435, 0.3210755397456989, 0.35323519164303435, 0.3513512559808873, 0.35709775376593633, 0.35709775376593633, 0.3634501410545887, 0.3132208321920822, 0.31696100176877257, 0.274640451190588, 0.36622119151942967, 0.358315402852858, 0.37046649847857965, 0.37177810768453345, 0.35698352410313594, 0.35112649893549974, 0.27225342898353533, 0.37431989019114087, 0.32561850995286723, 0, 0.3634501410545887, 0.35709775376593633, 0.3465267309652808, 0.33471096491427227], "level 3": [0.47411588548436573, 0, 0.4201894735645514, 0.4201894735645514, 0.4201894735645514, 0.4536722492541763, 0, 0.3324248885261275, 0.499587009253001, 0.4307952265365437, 0.4678193046386939, 0, 0.4678193046386939, 0.4957999201889403, 0.5421177632304337, 0, 0, 0.31044338217101475, 0.4411146877944425, 0.5588191790912916, 0, 0, 0.2956252683345847, 0.534516821187802, 0.5726784465325114, 0.44981274449537684, 0.4460143450185237, 0.3844176333040966, 0.41056665527016345, 0.6557549883118632]}, "4": {"level 1": [0.6558036873407631, 0.400150960950024, 0.49024688894944735, 0.4498162849302811, 0.5945640283863434, 0.4818507537482106, 0.4338172274683658, 0.5245117984282633, 0.49803588501710416, 0.6320125067933051, 0.4096592302966513, 0.4032076173934256, 0.4032076173934256, 0.4096592302966513, 0.4096592302966513, 0.5602438174530897, 0.526402444077396, 0.6393485408593291, 0.48871211154794136, 0.583113930257892, 0.4387220523453514, 1.0, 0.6405359574624876, 0.40554598745013204, 0.4457225401665148, 0.5078733044429626, 0.42427901202614426, 0.4316154057130376, 0.5120505898104558, 0.425209509325309], "level 2": [0.5821523429136077, 0.5900485893962099, 0.7097514849871722, 0.5918483981024365, 0.6145105628913203, 1.0, 0, 1.0, 0.47942014363190866, 0.509350622630539, 0.48506381242216445, 0.5303826969182367, 0.6373144323750768, 0.37148257264307005, 0.3995318011047137, 0.4800895397042393, 0.4672538866386393, 0.5079974535351357, 0.43857459456328407, 0.4531876807113755, 0.4033803518597201, 0, 0.4314214178499328, 0.4284920365895226, 0.3952350140610209, 0.43324046191706267, 0, 0.48472946415634177, 0.4153102602207266, 0.409818572887681],