{"0": {"level 1": [0.2236068208831341, 0.36088202612062503, 0.21786126305020317, 0.21415351704071162, 0.24055481719387456, 0.23841123312963022, 0.25220488994477486, 0.3100454488792421, 0.21379986765192657, 0.20229009817884117, 0.2236068208831341, 0.21516988283575367, 0.2250788559179309, 0.2882538751781136, 0.2236068208831341, 0.2195737484275686, 0.17291330791862053, 0.26658416374117666, 0.17169110227655737, 0.15231785735062284, 0.2236068208831341, 0.30381755541848277, 0.18521538476539046, 0.296240506120945, 0.21143770680837531, 0.2236068208831341, 0.15111088872041428, 0.1903425127673252, 0.2228395571688778, 0.23679822157888722], "level 2": [0.3785131249975673, 0.42777896500302476, 0.44245160018541013, 0.46910483591742924, 0.5833739699935749, 0.40999106580098044, 0.4400982359469313, 0.32709247192540014, 0.4331527235492959, 0.4067466874840321, 0.38568258502599445, 0.3077328580226162, 0.4245052496313346, 0.41667285881516436, 0.3545835225772252, 0.40181333312414347, 0.29821622042914386, 0.2712215650487987, 0.41846801955121726, 0.3691440359517839, 0.3368058570109745, 0.36649820942645894, 0.3786445474047495, 0.3780758209578453, 0.31039449239582084, 0.3161056652301546, 0.4843169275660729, 0.42138622200209275, 0.3437598244349861, 0.46729962573455097], "level 3": [0.761925357376084, 0.632304632839414, 0.7335761901724582, 0.6840328381819845, 0.5829645335075101, 0.6485558277328164, 1.0, 0.6009351676875618, 0.6327334244682178, 0.5245257568230852, 0.6150802568207858, 0.6657456025077222, 0.6813166159123067, 0.666179576582154, 0.7193371041814376, 0.6853261264346581, 0.9038834425664808, 1.0, 1.0, 0.7416635809795442, 0.7035899181859855, 1.0, 1.0, 0.8496374346418253, 1.0, 0.6718330750998971, 0.7240959810158314, 1.0, 0.8447268173118607, 0.5240380606739552]}, "1": {"level 1": [0.3852797814326523, 0.2797462993769997, 0.47596842189332234, 0.1892027213567018, 0.343857443029042, 0.16553547032992957, 0.40850217500704133, 0.274316753039451, 0.2753646922260914, 0.3272898622704927, 0.14764896604915256, 0.2797462993769997, 0.28761026561219477, 0.2814633555440303, 0.3272898622704927, 0.2680040875750418, 0.3004463429123534, 0.3164816770959464, 0.23900136078551493, 0.2588274678538449, 0.17770311156689755, 0.2880034945633446, 0.2689932584928493, 0.15704130446146186, 0.29531581239250365, 0.16926706487716386, 0.3048848508713513, 0.51545146904948, 0.2059202366854647, 0.3733647160261107], "level 2": [0.39727966600203374, 0.3549579782635979, 0.413823546650944, 0.37597968907507423, 0.3756365096981461, 0.30858488835108905, 0.30939560731217064, 0.352714054939559, 0.3326878164546452, 0.3361271831830115, 0.3309362210746638, 0.3004463429123534, 0.32603372449993295, 0.377606779234412, 0.3421818193532431, 0.3531269186257362, 0.3567079617886738, 0.3967788399874353, 0.34586150230913565, 0.3080774852355349, 0.32043875511251513, 0.31774846543531365, 0.38713546146421485, 0.3487946588407237, 0.33429187288257955, 0.36980632203202035, 0.35430450389651813, 0.38618453034627875, 0.422156477333286, 0.3074370156926551], "level 3": [0.8224820879409693, 0.5579048195882483, 1.0, 0.7800662780565228, 0.718391405833509, 0.4378761334917348, 0.5752269091819726, 0.523204962158222, 0.4331387635883387, 0.4097113323482319, 0.43593622025024714, 0.19679681031694546, 0.3088118854736689, 0.26782246505235185, 0.18636215511908716, 0.4421478683749448, 0.449336597292081, 0.2928486299635862, 0.5078836833517578, 0.3123383241769897, 0.4749094687165277, 0.4509973271328549, 0.40679820475969036, 0.40310011224957404, 0.38114892474773776, 0.6916331908712502, 0.5681483265146158, 0.7122189403712494, 0.6273554393156087, 0.394321127708403]}, "2": {"level 1": [0.3053507736621833, 0.38600978967320604, 0.49330252301936883, 0.2966684359644509, 0.5410354006059458, 0.35761179371265245, 0.3324412317651762, 0.29166136821996735, 0.4911136495263282, 0.35494587230721086, 0.28796795390515584, 0.3262377955154885, 0.3411438538916278, 0.40878267476979446, 0.30542753764605635, 0.29344740595995034, 0.3195382248747654, 0.3793288457747547, 0.3115067949467203, 0.30726196811377804, 0.30669109425424446, 0.38809775784497036, 0.44836070172369, 0.3044220127472779, 0.49597866750596376, 0.29344740595995034, 0.48162784503871725, 0.441666472447541, 0.35381730015247315, 0.34205259427012025], "level 2": [0.4217929714310542, 0.5279936913357621, 0.37457743353922823, 0.41777323732437965, 0.4840314790324649, 0.6449654940463364, 1.0, 0.7851750267441512, 0.4281390301070818, 0.5293649504807868, 0.46746315968602775, 0.423976431710005, 0.6242500914355815, 0.463623836445646, 0.44938719751201806, 0.46469702148046477, 0.41067103931803683, 0.5714695261753362, 0.3872213765146291, 0.5259370244174648, 0.6145671334275855, 0.4732478415528175, 0.5162067919869485, 0.5862710823842394, 0.7257273512855859, 0.3875119186228362, 0.4587469159651697, 0.5178227738625995, 0.5586469912672709, 0.4831789451862676], "level 3": [0.44583231977515436, 0.4881647598517925, 0.44582924233517945, 1.0, 0.5098219320469974, 0.3042333726003103, 0.5480474777226128, 0.3612586305901552, 0.46857685840883373, 0.5462095970632409, 0.49159505473011433, 0.5331921041154093, 0.3694490854918955, 0.3577013655633508, 0.4332616393355234, 0.31683399983683236, 0.51083025217972, 0.45054526929026273, 0.29566424842342576, 0.3531070991913953, 0.564195771029426, 0.5261220396819639, 0.3286675457973841, 0.47708282799531837, 0.44483592857509713, 0.48303445806595563, 0.4471161607782438, 0.3387850198650744, 0.47921505989397767, 0.5353686617121576]}, "3": {"level 1": [0.4192397877928106, 0.2415113217253297, 0.2742966370415352, 0.3230148873569782, 0.1905622599582365, 0, 0.2268308557207307, 0.2410407359264367, 0.27953043544036116, 0.282266023390135, 0.6299524817520054, 0.294540590746992, 0.2636012101366526, 0.3833735875805987, 0.2875839923769162, 0.3913122587410927, 0.2831402578926489, 0.23466856004957426, 0.268211362772789, 0.28812406110685906, 0.26640691224110624, 0.2871829890542955, 0.2636012101366526, 0.2919870832322863, 0.2875839923769162, 0.2920504271162293, 0.21731757849960293, 0.2681261461993738, 0.32101123695912914, 0.27972625763905135], "level 2": [0.4224793845273658, 0.46599230652157464, 0.464114554301461, 0.41832077199718876, 0.43814346489277, 0.43096995026316287, 0.4998424295078827, 0.45969343716843547, 0.4938389225082822, 0.43100762861687797, 0.4180112014722774, 0.4449189373584696, 0.47838895490460076, 0.3764193886122564, 0.4288125066702916, 0.4321300015707009, 0.42408671957309024, 0.4699007178234736, 0.29125982161708086, 0.3106440430029986, 0.44445505786804096, 0.47433213345097536, 0.4777443998396693, 0.5631339011736698, 0.33820649303517103, 0.5159446311874496, 0.32016948704498926, 0.4699007178234736, 0.5324853450825213, 0.30637363620775626], "level 3": [0.6821103738946329, 0.8145933386624293, 0.8319254402562859, 1.0, 1.0, 1.0, 0.8145933386624293, 1.0, 1.0, 1.0, 0.8653964057192842, 0.6676474002288153, 0.7091112951407146, 0.6535589726381679, 0.8855451387002944, 0.7390112529693229, 0.8145933386624293, 0.6918508127144218, 1.0, 0.7428656745701595, 0.49918875823889886, 0.8049125858649889, 1.0, 1.0, 0.8394008889802524, 0.8653964057192842, 0.7787134821310114, 0.8281847576855565, 1.0, 0.8568429756411926]}, "4": {"level 1": [0.34754139468575096, 0.34475875314804416, 0.3483618290061127, 0.3742660483144923, 0.34272931882159363, 0.3275676723615589, 0.26191678067049134, 0.2675229344403489, 0.43906852184062717, 0.36348680294708036, 0.3357926506470643, 0.3193846165689752, 0.2869476283592627, 0.3630827486914494, 0.370314623442057, 0.3548849327980058, 0.36461270468013857, 0.3539351511884863, 0.35733061741406286, 0.3383911116454784, 0.3650458744670734, 0.38759785867284613, 0.31323909290012164, 0.28224690401753527, 0.31403802200759917, 0.42502286395961464, 0.36740739799209876, 0.26529479994128574, 0.36822778167782155, 0.34697530579277425],