{"0": {"level 1": [0.5945124126131465, 0.5372032627923482, 0.5412498173601528, 0.614833977610316, 0.5361229689576428, 0.5305889361333649, 0.40934978207109196, 0.4602076134656791, 0.5747803939111102, 0.570627672956228, 0.5089566503503636, 0.6858272619177246, 0.6748639865150967, 0.5679251221550703, 0.546537393112509, 0.3775601475735522, 0.3434696962461027, 0.5337119525152231, 0.42518225976798674, 0.5693506379457551, 0.5305889361333649, 0.6799443800554468, 0.5370944417446907, 0.5879140738411206, 0.6793635915455887, 0.6855628756050128, 0.5922956384034607, 0.6191221954958509, 0.5104407406723518, 0.5615345030513977], "level 2": [0.5930152804278508, 0.7105761424858692, 0.6561553877606934, 0.528925452783718, 0.5606519768519442, 0.5470299257981692, 0.5423556067205543, 0.5375396989121456, 0.5567450209407881, 0.37158221259663726, 0.39355259596376335, 0.3311734341958942, 0.4040974304071425, 0.47045305813032645, 0.3998118604600742, 0.47554297744005586, 0.5575066575154073, 0.4421332797600794, 0.4784133278951497, 0.6825471033381671, 0.5218843600387867, 0.4155525705573042, 0.6775843061148967, 0.5699031978882181, 0.575256655110304, 0.5690988983556453, 0.6655144938545892, 0.49020298531020373, 0.3460001992683759, 0.6197190836954729], "level 3": [0.42617294034476616, 0.5747939175003223, 0.490603838078405, 0.47038355697588036, 0.41871455150806697, 0.689991393497994, 0.7049293281429484, 0.5607802264288506, 0.5912257525867222, 1.0, 0.6042085437606608, 0.4863686433671268, 0.4323932724874038, 0.4656192656949272, 0.6085994545686686, 0.6113335402493102, 0.5698863579063131, 0.5410401849608502, 0.45497179786320935, 0.6624058541802469, 0.46954979726068274, 0.6856026183138824, 0.5888463168955818, 0.45056980317595513, 0.5697133438137469, 0.5246198900080714, 0.5013017977366818, 0.4572900718410503, 0.6815475603862606, 0.4669417922388305]}, "1": {"level 1": [0.12808385286247512, 0.27425013070639204, 0.5714540850379888, 0.3738456655480472, 0.30330624268721074, 0.21509284340646717, 0.20396044355327397, 0.2492187812996502, 0.2742431066712554, 0.3319983107178046, 0.35165495695523835, 0.45164973070784264, 0.3302003266309632, 0.6372625157412367, 0.5335875647853446, 0.27383141374594216, 0.40108111792026974, 0.3302003266309632, 0.27383141374594216, 0.5289922982474088, 0.35165495695523835, 0.37409599166400204, 0.6394131451044388, 0.3555212762462149, 0.5834576562193474, 0.17808385286247513, 0.35165495695523835, 0.3692522273790239, 0.41532676432027593, 0.4215624850962072], "level 2": [0.6162029250774032, 0.7089399301906856, 0.5971409505373813, 0.6708406239258691, 0.6384796457575534, 0.6563780396900871, 0.6548675814037034, 0.5873669921390307, 0.7182429869180749, 0.6360837418420133, 0.5803222749323833, 0.7528912366902382, 0.6462297855582096, 0.7356913820011315, 0.6775539723759502, 0.606459734975398, 0.6385095681502664, 0.5862305230347249, 0.5902990658659053, 0.6144842486124902, 0.5799936960935415, 0.5646263167108759, 0.4710229296133115, 0.7523364747983626, 0.6937845913190374, 0.7438757838285257, 0.7564268500460635, 0.5835994707921658, 0.6619593462486564, 0.6921789127076796], "level 3": [1.0, 1.0, 1.0, 1.0, 1.0, 0.849997988776005, 0.6779393376875607, 0.8283137173318897, 0.8543600769955555, 0.7189605416297143, 1.0, 1.0, 1.0, 1.0, 0.8665557925173714, 0.8122551482934731, 1.0, 1.0, 1.0, 1.0, 0.6409636802371328, 0.6025501612625317, 1.0, 1.0, 0.6506483698302195, 1.0, 1.0, 0.6592063682477322, 0.8106927508301933, 0.6495125603985795]}, "2": {"level 1": [0.4875724666580707, 0.48121105176745116, 0.5677072658378339, 0.5417571642472787, 0.6029781335538795, 0.4417228218344089, 0.41290048590126943, 0.41290048590126943, 0.4454304538249221, 0.4731252562413998, 0.41290048590126943, 0.47840067504343775, 0.3750433867559444, 0.41290048590126943, 0.5104609551530399, 0.41290048590126943, 0.6280715969440125, 0.6029781335538795, 0.41290048590126943, 0.5882898865069768, 0.45815394682533817, 0.48135884838487003, 0.5347133418358118, 0.4578755249473426, 0.6254540813878917, 0.4577382596513712, 0.4792494436521961, 0.5611721924875417, 0.4577382596513712, 0.6038003363057878], "level 2": [1.0, 1.0, 1.0, 0.5058026010811342, 0.8584795442716739, 0.6777987469939124, 0.6008485842861264, 0.7290353559387457, 0.7777876331647893, 0.7290353559387457, 0.6098708066266924, 0.5234035291638528, 0.6088014958711846, 0.5823918330064162, 0.539188809169211, 0.8350380014260823, 0.5389287352338609, 0.6612928980878894, 1.0, 0.7926079461063901, 1.0, 0.6621610554894519, 0.7168180755912262, 1.0, 0.7496605060039045, 0.7716333427215564, 0.5221739657603415, 0.7154059663488666, 0.5551342985718408, 0.7290353559387457], "level 3": [0.3697621958196742, 0.7775207955458812, 1.0, 1.0, 1.0, 0.7226599335979356, 0.7632586714200067, 0.7632586714200067, 0.6953403830942287, 0.7226599335979356, 0.7425552069135035, 0.7463333341451764, 0.846000236607799, 0.7826697081778302, 1.0, 0.7440075487474496, 0.48530900541244304, 0.6765363261859103, 0.44738889044898533, 0.5079642927252118, 0.7706433066444738, 0.7416669501830173, 0.7450323854486904, 0.7339514240136878, 1.0, 0.492546633417155, 0.8484249409986387, 0.8312148829771522, 0.8784388259127724, 1.0]}, "3": {"level 1": [0.41137128255572886, 0.22925203915736483, 0.37215458987867966, 0.3411751872700549, 0.32161834924824606, 0.4443377787449221, 0.2547421387525928, 0.307669782683922, 0.38321864000447514, 0.29615434930562584, 0.34066611528610924, 0.18222501213033782, 0.3467960721187252, 0.3363140887774036, 0.3430632132006669, 0.3031819818788728, 0.2726116520943218, 0.3225216248985023, 0.5640130599618516, 0.21462335114645012, 0.33965251357317394, 0.32135200990452306, 0.2375760116655512, 0.2738135604691272, 0.2944957943372515, 0.27660022360836667, 0.22600959909950308, 0.3430632132006669, 0.305624309763037, 0.2769672177693979], "level 2": [0.3794917626927904, 0.22562954462981527, 0.3280406371300043, 0.3421100257980677, 0.22826070706641285, 0.2987880259134431, 0.2422491403086306, 0.32150569157153847, 0.3543752911302498, 0.3597522247227346, 0.3836536294321877, 0.3694366479116764, 0.3051744504971035, 0.4186492196720111, 0.298827142879332, 0.32196339656115947, 0.22562954462981527, 0.3553785594538865, 0.39073516754452153, 0.29472768946647276, 0.3028491622052266, 0.38480506009842047, 0.2846392918663642, 0.4224340949422715, 0.28849946008908367, 0.3645074583374033, 0.2741066476681149, 0.3265114787937735, 0.2705465087913667, 0.29354837506525683], "level 3": [0.42310371621977905, 0.33399289436405377, 0.34072427557215845, 0.5358517086214203, 0.6445917453490391, 0.41524146070679546, 0.3885512156359491, 0.421210568051496, 0.3971466361164484, 0.3969833964143713, 0.36779093694855536, 0.4364092580645058, 0.39676988656273193, 0.3632615417230603, 0.7013386119287673, 0.42310371621977905, 0.34336390138822204, 0.42310371621977905, 0.3774810015030288, 0.7377657047779715, 0.3878984569678866, 0.4297283746707221, 0.3171427079825278, 0.39935130619126025, 0.3991818586943296, 0.38480773558518067, 0.44482035003819975, 0.39753153526990015, 0.4576557416762732, 0.44978539786712546]}, "4": {"level 1": [0.6698653511415223, 0.49748305853784724, 0.7025394652107334, 0.4503704681249416, 0.4998327939456858, 0.463317513493878, 0.4574153305301293, 0.41180697950746015, 0.5913349294223368, 0.48018565034665917, 0.5090497731752731, 0.1842248844847261, 0.44310711984526363, 0.3695160615241914, 0.39617040211708376, 0.34928609526421955, 0.4321968720588244, 0.46113595080823777, 0.3951390290092926, 0.4006202361865527, 0.3386444027607688, 0.3399847721245861, 0.315916970234719, 0.6612231247419671, 0.370242714123469, 0.447768947576925, 0.5621003721489443, 0.6036068196634836, 0.3820579692262446, 0.5970850884244125],