{"0": {"level 1": [1.0, 1.0, 1.0, 1.0, 1.0, 0.5117987827498633, 0.7146072024755762, 0.5148647971534449, 0.7016147935650388, 0.47885811244077575, 0.48156398969432973, 0.6527874460153227, 0.5461076339477674, 0.4087639399836219, 0.6482642814304018, 1.0, 1.0, 1.0, 1.0, 0.6612880887053709, 1.0, 0.47885811244077575, 1.0, 1.0, 1.0, 0.4821227876274278, 0.4821227876274278, 0.4821227876274278, 1.0, 0.48247741910259123], "level 2": [1.0, 1.0, 0.4862664370741814, 1.0, 1.0, 1.0, 1.0, 1.0, 1.0, 1.0, 0.6235950117974975, 0.6235950117974975, 0.6235950117974975, 0.5717925619037778, 0.5833858611471198, 1.0, 1.0, 1.0, 1.0, 1.0, 1.0, 1.0, 1.0, 1.0, 1.0, 1.0, 1.0, 0.6423437595214141, 1.0, 1.0], "level 3": [1.0, 1.0, 1.0, 1.0, 1.0, 1.0, 1.0, 0.8151555651940345, 0.6939153127477817, 0.8947716286246927, 1.0, 1.0, 1.0, 1.0, 0.5840917537311441, 1.0, 0.8151555651940345, 0.847763939078324, 1.0, 0.8572251619536799, 0.8572251619536799, 1.0, 1.0, 1.0, 1.0, 1.0, 1.0, 1.0, 1.0, 1.0]}, "1": {"level 1": [0.32172344819852045, 0.3075174632759388, 0.42344924575672865, 0.31120230797527176, 0.3195042184389088, 0.300009059316518, 0.2949255365186951, 0.3075174632759388, 0.3042477712145322, 0.29991653549540065, 0.32365415566575845, 0.34233919015287406, 0.3236567454856436, 0.29679140293771655, 0.31828669009171817, 0.2994040879411792, 0.3046594355538536, 0.31643748513604075, 0.2646023403155057, 0.3064143958629232, 1.0, 0.4644142591065683, 1.0, 0.3096624861742672, 0.35851682572789134, 0.5215258227467803, 0.37258751520974626, 0.4777884633945476, 0.29469923209024435, 0.301651927885357], "level 2": [0.4308092425583442, 0.5029284139487662, 1.0, 1.0, 1.0, 0.5232858289428342, 0.48810726173406604, 0.5444038420438754, 0.5408350161697922, 0.5359456045966584, 0.554420261542407, 0.5652367855371745, 0.5652367855371745, 0.562698365669734, 0.5652367855371745, 1.0, 0.5359485616704497, 0.5331476738273628, 0.5213829679450099, 0.5304804185176069, 1.0, 0.5333117219617685, 0.5230451530963304, 0.5202217971489937, 1.0, 1.0, 0.5522994331878711, 0.5379842581182632, 0.5652367855371745, 0.5262000735676566], "level 3": [1.0, 0.576722012269629, 0.4985342783163608, 1.0, 0.5802420965818859, 1.0, 1.0, 0.5021049373773073, 1.0, 1.0, 0.49658524813929117, 0.49658524813929117, 0.49658524813929117, 0.5663255852138869, 0.5663255852138869, 0.580534139639874, 0.580534139639874, 0.5773257123872735, 0.5773257123872735, 0.5739995248038983, 0.5325547088478548, 0.5374597808810224, 0.549824640353296, 0.5720060937391476, 0.4609891789616637, 0.5802420965818859, 0.47978638609275825, 0.5337635923383202, 0.5443584829557779, 0.5469083270494736]}, "2": {"level 1": [0.5004651197862701, 0.4896400387096737, 0.5212129992940854, 0.49043119918930916, 0.4590963160601992, 0.5106222885310423, 0.5026505900271107, 0.4908598057966223, 0.5015540667610501, 0.49345086058123516, 0.5010631531024039, 0.54046511978627, 0.5205360647471029, 0.46011433483640674, 0.4705157172829054, 0.4921793984480248, 0.4709249540282916, 0.506276362092388, 0.5230342966915182, 0.5109005322220806, 0.5230342966915182, 0.46079709464056456, 0.5222196013423296, 0.47106315310240393, 0.4912129992940854, 0.4907970946405646, 0.6323760081054969, 0.5662067365651047, 0.5170868621158771, 0.5506058859873144], "level 2": [0.48908027188854963, 0.5717492813100762, 1.0, 1.0, 0.571463046189383, 1.0, 0.48287708195740764, 1.0, 0.5012129992940855, 0.47118733973716626, 0.6047862347968255, 1.0, 0.5013633659409289, 0.46079709464056456, 0.5212129992940854, 0.6625016816326255, 0.6636523090729751, 0.6668147935974313, 0.49397274004885394, 0.5176451373167772, 0.5128003432481847, 0.4928560228036358, 0.4925941297894806, 1.0, 0.5031284148050483, 0.4605680756744087, 0.4929135139603565, 0.45099268425038935, 1.0, 0.5339727400488539], "level 3": [0.723956743309895, 0.6435876439559467, 1.0, 0.6799235510685551, 1.0, 0.6213425485997582, 0.6796027306569632, 0.6213425485997582, 0.6852349890659737, 0.5915494631982894, 1.0, 1.0, 1.0, 1.0, 1.0, 1.0, 1.0, 1.0, 1.0, 1.0, 1.0, 1.0, 1.0, 1.0, 1.0, 1.0, 1.0, 1.0, 1.0, 1.0]}, "3": {"level 1": [0.3339299066819564, 0.2582635019132586, 0.27042479150199256, 0.3448378166117543, 0.3123179405322985, 0.31390265814462903, 0.25125606430547687, 0.31976792262585, 0.3103311616850928, 0.33321804829052243, 0.2967478704300132, 0.2648243923470416, 0.31862355542197285, 0.3012082767466896, 0.2860958552761366, 0.3165262152601894, 0.27979699873572506, 0.1608491989235537, 0.2518765769413486, 0.2867800340341764, 0.27858293912752086, 0.3902747810395535, 0.28704623171639854, 1.0, 0.32561666015138413, 0.3268985846586556, 0.30193219446102676, 0.3574199181156458, 0.2620164463279718, 0.2603688292362367], "level 2": [0.234511228328515, 0.3447666096440793, 0.26866973714267095, 0.24704789157622742, 0.291322987788693, 0.2639676905922424, 0.2635291908640137, 0.3000221264763585, 0.29750406901448423, 0.25731671778648735, 0.3134304924637679, 0.22592934106679372, 0.22942375282941974, 0.23544673931276267, 0.2232982255449873, 0.2621649740980264, 0.31695420406611047, 0.2870764407881776, 0.2680520103497712, 0.2664056140275317, 0.26691628706496506, 0.24613847520488452, 0.36215391890504034, 0.3125280370159038, 0.24732160186103094, 0.20161787467915196, 0.27383042255325296, 0.2992728498233145, 0.26232373598298686, 0.21189293417337568], "level 3": [0.24267765551517778, 1.0, 1.0, 0.2636555209056962, 0.26924255478414927, 1.0, 0.26311038031908407, 0.28608018819081427, 0.28171457461663907, 0.29145050070098383, 0.319050376189663, 1.0, 0.29701143778401334, 0.31631515251317927, 0.28068955520153194, 0.3161952317670941, 0.31002538018100834, 0.2980452140943594, 0.3547893733966739, 0.3321707227789446, 0.3458442600349888, 0.3374947132845734, 1.0, 0.33046520490607745, 0.3439001742168578, 0.32834985195825506, 0.32570449687895164, 0.3340070808364167, 0.30308177068058156, 0.2447371364063314]}, "4": {"level 1": [0.3030975297765155, 0.4274996764808352, 0.4061131388940821, 0.3426638539093069, 0.2552877890127226, 0.3806659807300503, 0.49865540612561154, 0.3892953986940301, 0.3098714362924639, 0.46511099794874067, 0.35495834354017025, 0.4525866395547692, 0.4090615538274977, 0.38659096096156575, 0.38225459372768966, 0.38595741037776915, 0.37405245255609576, 0.46931593315394965, 0.5249324482908058, 0.43405152798026747, 0.4065621022094855, 0.3581675634961151, 1.0, 1.0, 0.4510137857444565, 1.0, 0.29907743417920274, 0.4747540264706219, 0.35766332837480297, 0.4411434164497252], "level 2": [1.0, 0.45913729790088664, 1.0, 1.0, 0.49128062409037804, 0.4648003979003899, 0.5005011916046175, 0.48242985319521003, 0.5113649995666613, 1.0, 1.0, 0.4189091092834266, 0.4501441335093915, 0.4587101234717632, 0.43052163869133636, 1.0, 0.49510146181339526, 0.4328806445796698, 0.48520226968851143, 1.0, 0.497015327638509, 1.0, 0.4330799008259848, 0.5394830739602218, 0.5067411390128094, 0.41171256126454425, 0.5338905651971119, 0.5316176054455923, 0.5058628951625646, 0.5033540075149479], "level 3": [0.6752772597253575, 1.0, 0.6290675306623035, 0.8238682079132231, 0.7457227959771193, 0.4883250558421944, 0.7848035054161207, 0.490285687661738, 1.0, 0.7704486711024683, 0.6139140983515194, 1.0, 0.6994793157428236, 0.5324490719855539, 0.6142426454603522, 0.4814345256589164, 0.5864678456976402, 0.560449138116551, 0.537062807774704, 0.48097959054437955, 0.553512667681368, 0.4848972814934999, 0.5386986578160362, 0.4483374398589232, 0.625232085140695, 0.5880140355948601, 0.6063339409796703, 0.7673851219580988, 0.5006245622473651, 0.7842740621842872]}}