{"0": {"level 1": [0.4667843750013562, 0.4709442428121304, 0.447361986175395, 0.49744992852983216, 0, 0.46677292226832123, 0.4709442428121304, 0.520186093219501, 0.5242628972332708, 0.4994699185544961, 0.4667843750013562, 0.4709442428121304, 0.49476333271778267, 0.4476870546325356, 0.46980917476448736, 0.4667843750013562, 0.4709442428121304, 0.49757281664091013, 0.49539106820396167, 0.420611967755505, 0.41919953571726143, 0.4709442428121304, 0, 0.54672367023334, 0.42355755145804597, 0.41919953571726143, 0.4709442428121304, 0.3135206237540247, 0.522923403901006, 0.35420477635217223], "level 2": [0.5581608793827961, 0.5649523696063458, 0.5010622780052536, 0.4405430771894263, 0.5147866081484347, 0.41895007618964, 0.4295788368568202, 0.2297319949790344, 0.28812666856816255, 0.38887732410077996, 0.5581608793827961, 0.5649523696063458, 1.0, 0.42134324048510086, 0.5384496683551279, 0.4804408625526849, 0.5649523696063458, 0.4749484501174898, 0.46407408516102755, 0.4348359469035126, 0.5581608793827961, 0.7469577458873943, 0.2940239549551381, 0.4405430771894263, 0.5147866081484347, 0.5581608793827961, 0.5649523696063458, 0.5516495472652247, 0.4405430771894263, 0.6429652376378349], "level 3": [1.0, 0.757536016229666, 1.0, 0.6200458818408786, 0.757536016229666, 1.0, 1.0, 1.0, 1.0, 1.0, 1.0, 0.5671174150009564, 1.0, 1.0, 1.0, 0.5156946157753793, 1.0, 1.0, 1.0, 1.0, 0.5156946157753793, 1.0, 0.7001776660815615, 1.0, 1.0, 0.5156946157753793, 1.0, 1.0, 1.0, 1.0]}, "1": {"level 1": [0.3783414889355359, 0.4640614753555347, 0.215947207400714, 0.3267089020461763, 0.4716447871152618, 0.3697042647375974, 0.4640614753555347, 0.44198245308512585, 0.3267089020461763, 0.4716447871152618, 0.3783414889355359, 0.39401727901768874, 0.2320442016168169, 0.3267089020461763, 0.4716447871152618, 0.3783414889355359, 0.4640614753555347, 0.3510819053418943, 0.3267089020461763, 0.4716447871152618, 0.3783414889355359, 0.4020595574210252, 0.390095134502398, 0.3267089020461763, 0.4716447871152618, 0.3783414889355359, 0.39401727901768874, 0.3389358581047213, 0.3267089020461763, 0.4716447871152618], "level 2": [0.4059365460191384, 0.44932213061171833, 0.26086232645310137, 0.29253078275816213, 0.4476368138902531, 0.43516735333297724, 0.419087616944708, 0.2370742045688809, 0.3243396177574063, 0.5149500496965775, 0.43516735333297724, 0.4099026946759272, 0.453252049704787, 0.21989197877783184, 0.5246906632144926, 0.4488170749588949, 0.48871093801095944, 0.26086232645310137, 0.31663923894878676, 0.5149500496965775, 0.525991975131719, 0.41840462502553366, 0.2368133183172764, 0.3267089020461763, 0.4497826813749836, 0.4779792704064423, 0.45651583152780895, 0.27135837366840054, 0.32618281792545617, 0.4657317618841018], "level 3": [0.5454610305708164, 0.5454610305708164, 0.24046419071356256, 0.31788713026325743, 0.5450427399758442, 0.509191265696778, 0.5336087379514682, 0.5236781472652424, 0.3315978650463932, 0.5840733985949491, 0.525991975131719, 0.532026402563585, 0.28147078470279396, 0.325047374580237, 0.5454610305708164, 0.4779792704064423, 0.44799464945131595, 0.27805118593917694, 0.30366206774987636, 0.550985795401522, 0.5454610305708164, 0.5336087379514682, 0.2430218092432137, 0.3315978650463932, 0.519213808670467, 0.4096872525112064, 0.3859553343472415, 0.40835397303003684, 0.3158969217928788, 0.5360301333547896]}, "2": {"level 1": [0.22789031173992103, 0.4035633350761971, 0.5305613761502412, 0.27550257025460717, 0.3051760016065791, 0.3560429367383692, 0.2770296318366889, 0.543701625423051, 0.4695255416148185, 0.28176864425153814, 0.3560429367383692, 0.40461396665001503, 0.6393323220930682, 0.4101965054939302, 0.28176864425153814, 0.5861452203908909, 0.28045703355381757, 0.4629576800099061, 0.4499815504997431, 0.6866425282718114, 0.31476757231313546, 0.4142160820875059, 0.4682588826296421, 0.4678979767428849, 0.4609046622962016, 0.31476757231313546, 0.30878648005048953, 0.6373050681259107, 0.4092255038988692, 0.2815940672456797], "level 2": [0.6024442968074011, 0.6400943217619286, 0.5244982551280188, 0.5237582063762483, 0.6990878751435494, 0.31476757231313546, 0.46210094672766644, 0.4771382848143072, 0.5441695664539589, 0.5445033017615533, 0.5597065818122124, 0.6255051675333596, 0.4523866159922064, 0.6929676227628664, 0.7166855000370506, 0.5124698782194119, 1.0, 0.6461370373286193, 0.8226191483214469, 0.5783327501372094, 0.3325468165706417, 0.36221184625238256, 0.6454144603048872, 0.46212473649911684, 0.4996395770712344, 0.48040180066022636, 0.46449896185914435, 0.4505986731590827, 0.380790186878921, 0.49052149650369725], "level 3": [0.8574900297779218, 1.0, 0.6071436470052682, 1.0, 0.6435967403366355, 0.8574900297779218, 1.0, 0.8574900297779218, 1.0, 0.6435967403366355, 1.0, 1.0, 0.8641871766374019, 0.7955509917530905, 0.6438257429617664, 1.0, 1.0, 1.0, 0.757898912263633, 0.7418989122636332, 0.755866584012421, 1.0, 0.7778248964139884, 0.7429495163253367, 0.6435967403366355, 0.8574900297779218, 1.0, 1.0, 1.0, 0.6435967403366355]}, "3": {"level 1": [0.4689457472538142, 0.46754738023424647, 0, 0, 1.0, 0.4689457472538142, 0, 0.5327052337026347, 1.0, 0, 0.4689457472538142, 0.46740971308164025, 0.6953651392445427, 1.0, 0, 0.5591213270613874, 0.46740971308164025, 0.5336295500770705, 0.531978025630205, 0, 0.3603022924238286, 0.46740971308164025, 0, 1.0, 0, 0.4689457472538142, 0.46754738023424647, 0.5420702232731379, 0, 0], "level 2": [1.0, 0.8131455986943266, 0.5552930802022782, 1.0, 1.0, 0.4665274123428069, 0.4925884959380379, 0.567223290712755, 1.0, 0.8131455986943266, 1.0, 0.8131455986943266, 0.5578895053753361, 1.0, 0.6562938621482879, 0.4667821345996269, 0.8131455986943266, 0.6705677061633961, 0.8131455986943266, 0.6562938621482879, 1.0, 0.8131455986943266, 1.0, 1.0, 1.0, 0.4686519578396064, 0.8131455986943266, 1.0, 0.5597174053893326, 0.6562938621482879], "level 3": [1.0, 1.0, 0.6193695764980406, 1.0, 0.5793703445688985, 1.0, 1.0, 0, 0, 1.0, 1.0, 0.3638299961253688, 0, 0, 0.3599696245080507, 1.0, 0.467633457658397, 0, 0, 1.0, 0.3599696245080507, 0.3638299961253688, 0.5610355244318921, 0, 0.3599696245080507, 1.0, 1.0, 1.0, 0.3638299961253688, 1.0]}, "4": {"level 1": [0.5257475984950264, 0.5279116320860969, 0, 0, 0, 0.5257475984950264, 0.5014009867581621, 0.5695851966290283, 0.511192057684585, 0, 0.5257475984950264, 0.5297737346252523, 0.5149309220779701, 0, 0, 0.5257475984950264, 0.5009993827063758, 0, 0, 0, 0.5257475984950264, 0.5014009867581621, 0.3411285316576563, 0.5227265331672435, 0, 0.5257475984950264, 0.5014355217923747, 0, 0.6199530624087974, 0], "level 2": [0.6172343289540416, 0.584298659511934, 0.5988706462210375, 0.5912078570861342, 0.6569618186179198, 0.47551663007621386, 0.672352394652424, 0.5321322957443628, 0.5912078570861342, 0.5186480198478924, 0.5554091661488546, 0.6038459819058979, 0.7190449663985713, 0.5912078570861342, 0.6569618186179198, 0.49809062293008777, 0.5014355217923747, 0.5209626159882038, 0.5282130114104153, 0.48959124773017454, 0.5554091661488546, 0.6038459819058979, 0.5556255029441013, 0.5912078570861342, 0.5186480198478924, 0.517316038493669, 0.5514068389774387, 0.5780686566263874, 0.5995414306472805, 0.6702317080380739], "level 3": [1.0, 0.791994957479685, 0.6673611638730259, 0.5695942399497436, 1.0, 0.521440092545139, 0.5530588756815382, 0.5576638995247587, 0.5204742577312778, 0.5748197206496113, 0.7218992750379742, 0.7478352095637465, 0.7462015458804561, 0.5695942399497436, 1.0, 0.5447716827548508, 0.552903578336137, 1.0, 0.6942644063729659, 1.0, 0.7218992750379742, 0.7478352095637465, 0.8217941348123665, 0.5695942399497436, 1.0, 1.0, 0.7478352095637465, 0.5695942399497436, 0.5695942399497436, 1.0]}}