{"0": {"level 1": [0.23653312965634296, 0.21797433962805576, 0.3824380837738816, 0.28031314264002316, 0.2910306301729657, 0.2331957447866679, 0.22019321422550686, 0.2646635071087533, 0.2561912236697029, 0.3883835433832773, 0.16488605681958973, 0.1514961637787838, 0.1419712983019203, 0.22349617812179262, 0.23850565938608553, 0.21061459883974126, 0.21786978027755716, 0.24101643411064252, 0.32995835996370004, 0.185921434063334, 0.27047614550497656, 0.43994752460907705, 0.2899761388697815, 0.20154803871294652, 0.24104850392476496, 0.19544524358714355, 0.34115606877115373, 0.30031473491228655, 0.2024272433270115, 0.40967976175020726], "level 2": [0.3766521127383254, 0.2739455322629348, 0.5000278515032817, 0.3840350238798814, 0.3841346312170414, 0.45595729276233404, 0.42229548103692527, 0.5000555237566029, 0.4659761946808954, 0.2742361278994822, 0.5113160606227651, 0.504671927852972, 0.4837375091598731, 0.3592444831508771, 0.3913110747738261, 0.43229044778538595, 0.5240025643837958, 0.18907370226460019, 0.4678307948743087, 0.49571353836468124, 0.31210169410354194, 0.3137261764784064, 0.316213386469691, 0.4928418302740652, 0.5560763413935043, 0.46028241424092653, 0.4040745382336063, 0.48608315934255375, 0.3152615923252175, 0.4421194338130795], "level 3": [0.5573757116813212, 0.540324342180566, 0.5575339907290016, 0.5197632240613776, 0.44419119093825543, 0.5317497284911636, 0.47160517204032887, 0.4819187007156842, 0.4533472721442557, 0.541519474223406, 0.5580864606886324, 0.6165638930429246, 0.44303374346890034, 0.44637262193788574, 0.5492674057306074, 0.36605305763791995, 0.47621727911761114, 0.4231585928989726, 0.5279803620122943, 0.4218517945714824, 0.5409549902224917, 0.573259684858586, 0.4346578490772024, 0.45194454256672445, 0.5409549902224917, 0.607828526991559, 0.5700720188210149, 0.5693466329997303, 0.5321804144068445, 0.37478254464213784]}, "1": {"level 1": [0.3541992962437792, 0.2821065153411564, 0.34354690356887435, 0.3598039279064753, 0.364613325695648, 0.34948363827713547, 0.34925849269933407, 0.21488832143388203, 0.3432172294263578, 0.3117832825600202, 0.33388680847793895, 0.3248813098019888, 0.3958651406615368, 0.30417899146414984, 0.2640260110138052, 0.2774328798941237, 0.2616481665421235, 0.33337019979119475, 0.3418911523810464, 0.3356327678774105, 0.432526835492533, 0.323658950425479, 0.3451337587785155, 0.3181287953207477, 0.3304667185921889, 0.03750126305015829, 0.2984804415552965, 0.21029455529754787, 0.35457590737542233, 0.3557464278452553], "level 2": [0.32764394065523583, 0.34489215108728233, 0.4373880912873572, 0.3251285499162434, 0.30490633406481715, 0.33291470835574777, 0.3380878279477143, 0.31700592162105323, 0.2710016563236627, 0.2660801586028331, 0.35054589571047695, 0.2736763070520634, 0.24395338588335308, 0.40105032257951045, 0.0376548351666958, 0.33970388769982307, 0.3071561881437811, 0.37876974692388765, 0.3608713302286962, 0.3787888272574704, 0.3334148676062038, 0.42289471917148225, 0.33821731242484343, 0.38135411650134887, 0.2947662725110889, 0.31286489901555864, 0.4227460692156063, 0.03750759733598148, 0.40355532039596376, 0.36059038455237913], "level 3": [0.3324860730032644, 0.3651577522734155, 0.3663271746005635, 0.3390567560474885, 0.3762397677127471, 0.33353966643216887, 0.39214578524078747, 0.34998267086316825, 0.3156437562262842, 0.35108825531586907, 0.31871634654208847, 0.3962071461716388, 0.35774618981653905, 0.4403107136039546, 0.3588361541774766, 0.33223215041975374, 0.4039651775284495, 0.39677135111736045, 0.3567439629507055, 0.2892196019251574, 0.41683951232016225, 0.30685475728095246, 0.3198544825183627, 0.3782668706162696, 0.41761966708978515, 0.3860708518697491, 0.3331297651872823, 0.42693505398331766, 0.3478772405461318, 0.3979391203993158]}, "2": {"level 1": [0.1324499896050541, 0.17652536733545285, 0.2626168194951658, 0.24088323655923874, 0.16330606274438117, 0.2668738842417986, 0.23749307204750833, 0.20572991989464828, 0.24197498331875444, 0.26330796677419666, 0.2923767100846548, 0.2706348023088845, 0.20213901051192154, 0.21345615873442553, 0.21067185149654766, 0.24140377541940383, 0.22008091854621398, 0.24906470836626401, 0.21275147472990216, 0.15561181552853512, 0.1770923963408976, 0.20564409377914744, 0.2629383080983212, 0.20979879465915868, 0.20200743802232463, 0.2661145304252457, 0.29584303254893585, 0.22008500123775346, 0.2312476295477885, 0.21821971015152591], "level 2": [0.1877137320302145, 0.19608808395269461, 0.17461604794259541, 0.2515714267632704, 0.17180377257388071, 0.1704906851740101, 0.3031656410052894, 0.1825179896184033, 0.22941650934736355, 0.27278375928939036, 0.24926315961845075, 0.24762765858247765, 0.25043809385801175, 0.30168835093257584, 0.37458203772030785, 0.2651822845952411, 0.23545349662726267, 0.22705098432155946, 0.26254022776936237, 0.17335173436994186, 0.27888596422653655, 0.20659392432262375, 0.23951316007535606, 0.23097872767540129, 0.20430188947414268, 0.2821217371862086, 0.27500351562557324, 0.25511059169594247, 0.3265257027927264, 0.22603299249361397], "level 3": [0.19374916095233563, 0.2716279451607767, 0.27139519718458527, 0.2845568665972209, 0.23893913184462084, 0.2217203553086696, 0.18048872304136557, 0.31941970374999873, 0.24592204204577967, 0.24541449208067395, 0.2636076120393559, 0.17146847121517117, 0.26874074971802003, 0, 0.30724482091909455, 0.3159826467644038, 0.31928136253705175, 0, 0.3257271763800751, 0.23712606491175062, 0.2968157835373747, 0.33472408154234007, 0, 0.3919986434921581, 0, 0.2606846364641573, 0.28195284494243145, 0.18231842009834828, 0.20568207436112473, 0.22394765898584684]}, "3": {"level 1": [0.260130907783912, 0.22019700367103812, 0.20005064416814466, 0.22131333409113657, 0.179941990552845, 0.23236739410826301, 0.22019700367103812, 0.268954715836597, 0.20778718659488185, 0.17388633569002843, 0.16726289924957302, 0.22019700367103812, 0.21169233633493553, 0.23467957059572275, 0.14366094067133356, 0.21886492437141075, 0.22019700367103812, 0.22168785358565496, 0.24711625972251836, 0.21914130315609096, 0.12552063045260198, 0.3007004032093603, 0.17386487043113907, 0.21530771762126627, 0.19671967762894407, 0.1762219705068725, 0.22019700367103812, 0.2006050702682602, 0.23138231382928515, 0.14086115204160965], "level 2": [0.2726239465924209, 0.24764175031514046, 0.23956152279083182, 0.26026579338908784, 0.2439297406539564, 0.20815166232878876, 0.23277363444354293, 0.25564699574126815, 0.2754584975949138, 0.26807910862248985, 0.27502659070092783, 0.26432868261942466, 0.2453917514801974, 0.24934602196162597, 0.24937367017506062, 0.26609069127137525, 0.23071222876354625, 0.2779171075341461, 0.2724639386432167, 0.24732337352791278, 0.30378574030596117, 0.23699392709152606, 0.26035838192549376, 0.24245358112217438, 0.2712805486402926, 0.25377619732226087, 0.23650514322024474, 0.2658199168378759, 0.22992477317255808, 0.28873511337234437], "level 3": [0.343298433528224, 0.32814311258311135, 0.27872601946131326, 0.33822671564201345, 0.2178234505226827, 0.22086997653043475, 0.3488515585076609, 0.34612294146100986, 0.3336998069442574, 0.2081178202854145, 0.3091742864295043, 0.3433071027756378, 0.2604889615254702, 0.2945319134104353, 0.2941564455486725, 0.16899845498712435, 0.30794605374426165, 0.289873008906, 0.3421980110750308, 0.32159437348767683, 0.25575892019544544, 0.12417954924039698, 0.31084837133686083, 0.33702101803587015, 0.3239309423264748, 0.28570514867465, 0.33315594393124126, 0.36373508414510913, 0.36222906589795034, 0.3398094241614058]},