{"0": {"level 1": [0.4230052361193945, 0.5445615300156141, 0.4011447925890976, 0.20236501694000686, 0.48789131004634273, 0.35233013707283634, 0.5283481284017554, 0.4212214278042392, 0.4672120292313695, 0.270966874951225, 0.3619003901266895, 0.49799309689600146, 0.4708078966483777, 0.2654925517855016, 0.4830937384727123, 0.43442821291848605, 0.29250507465214715, 0.4625468512399908, 0.46501428939544054, 0.4372558420772794, 0.41699151975858273, 0.41174001677306915, 0.3752279859477401, 0.3833690358414971, 0.4873034608324629, 0.3848139500650913, 0.5472279368501697, 0.3734676549088108, 0.36979930835231806, 0.36748604797663836], "level 2": [0.5562227301589265, 0.5206398144248612, 0.4824639338013483, 0.5573769272110478, 0.5280487500867989, 0.5118190303479104, 0.5788906915915683, 0.4865281914361686, 0.404724673557193, 0.5805600541274991, 0.5646500262265486, 0.5751143377863648, 0.533628712827483, 0.5343463172575168, 0.5051699200064681, 0.5501880443546308, 0.5302555955977818, 0.37036812547864656, 0.48249100148069524, 0.5571245726223678, 0.5338002725482334, 0.5341995156751996, 0.40928114284087314, 0.40507360937891634, 0.5338203199140307, 0.5515992439177577, 0.5509021201048138, 0.551546489899206, 0.4587898211892054, 0.4223880426675623], "level 3": [0.5988298033200186, 0.6614271607274322, 0.6470668312377175, 0.5934362209487515, 0.718044751920206, 0.4804037313411724, 0.4997661169603097, 0.44962058142519246, 0.5804335095941499, 0.5847227009522326, 0.4819187007156842, 0.5641694310538944, 0.5377838165967412, 0.6009298932673833, 0.5817009945358114, 0.5839086302387888, 0.5049536176335276, 0.6479617834623408, 0.5942066591207547, 0.5820781045997806, 0.5737192524256779, 0.5507566548429143, 0.5490781100457244, 0.5982848141837606, 0.5142389195344318, 0.69813708474872, 0.7122221875633141, 0.6535404602193252, 0.6946922966180642, 0.7000249757596113]}, "1": {"level 1": [0.31686174298922887, 0.320673587041683, 0.37229028230447836, 0.3287945722433827, 0.3548322246826785, 0.2924912535875591, 0.3394754341497862, 0.41998668434483855, 0.3635153879260334, 0.29582194183182475, 0.38638597171150457, 0.30977582622000205, 0.30341524629372907, 1.0, 0.34852339524022, 0.5164187209430631, 0.28107849129127815, 0.36866887725721753, 0.4408711606149385, 0.5295148372607943, 0.3480352058069541, 0.320673587041683, 0.3337679572609362, 0.4157427925199155, 0.3753242215878894, 0.30693745037692155, 0.2964829613714305, 0.2674057046242233, 0.3287945722433827, 0.3448271934728594], "level 2": [0.44876883995510486, 0.45778017839379315, 0.3940804580634674, 0.34010770177557403, 0.39568246786289557, 0.43686935126487625, 0.4545602030302893, 0.396450346916486, 0.3543814107371793, 0.49919501222890894, 0.3718755628802358, 0.38427526155183545, 0.423436912164585, 0.2689578850641473, 0.456573035390308, 0.5019157669733114, 0.38688226376970825, 0.37183177433838727, 0.4924417306804967, 0.45475699887425813, 0.4245933700483946, 0.40665790307154337, 0.309559593668134, 0.3892687960718342, 0.3827588402452827, 0.44504401310346786, 0.5029765678318845, 0.38067098598278626, 0.3725835927902029, 0.424947456785443], "level 3": [0.3737188837862353, 0.6755700890034237, 0.3844595468132831, 0.519799446062791, 0.3665358311581465, 1.0, 1.0, 0.33665254985581594, 1.0, 1.0, 0.6089323304239974, 0.4670147588779638, 0.41307888019379463, 0.39822653675345077, 0.5018354422453297, 0.48654711656878574, 0.45068647967925635, 0.36550782746897675, 0.457161865500898, 0.44154758903487856, 0.4769868848725666, 0.4631372142425614, 0.3628416760144164, 0.4452965037356835, 0.5250764496426708, 0.3684728462503025, 0.4990512619834338, 0.3546206554198035, 0.39372116862683837, 0.37976534266585893]}, "2": {"level 1": [0.23680885383787154, 0.2342469247071423, 0.3185436173248599, 0.18643849242082625, 0.21510686857660272, 0.20597760924088815, 0.1764582825608016, 0.22161035798426615, 0.21675492282596978, 0.20817661001709994, 0.23895033619583111, 0.1989236286201267, 0.24032997425829983, 0.26824502693933405, 0.19514270673878048, 0.21826529779513265, 0.20244021693387854, 0.1980586412370695, 0.18643849242082625, 0.2514377823235727, 0.215059127310345, 0.21970657837943572, 0.19158850744872322, 0.2038034208487458, 0.2321655017621479, 0.16000844779947845, 0.26995544748888534, 0.22985955032339275, 0.24424157314528644, 0.20817661001709994], "level 2": [0.3227768320465847, 0.2673552950397512, 0.19262684813022835, 0.25443636544653464, 0.214945256964037, 0.27661523911453356, 0.2160271528379802, 0.16791904994135498, 0.20397106626749584, 0.23701696602370934, 0.29894763631128435, 0.2678945265958316, 0.2592093397243165, 0.3452966222675642, 0.32887367437772685, 0.2875552277947133, 0.21316874456526178, 0.1735087823397563, 0.27758892094887, 0.2555296868342623, 0.3283324250616261, 0.20045137873783014, 0.23721764543067358, 0.22601982302120538, 0.29537548711664124, 0.29013955651773293, 0.11698499477820729, 0.19482508327802278, 0.2028546570441559, 0.21676961526191038], "level 3": [0.34891014469569254, 0.28561695195869086, 0.2663309158510925, 0.20479669447356652, 0.35048080897009126, 0.3340199728263183, 0.28087670293038164, 0.18343542025449272, 0.29485219196084594, 0.3352876200808363, 0.21883183954600044, 0.20253080853669875, 0.27347294195150196, 0.20548820103955992, 0.26148476685262523, 0.2265490691197311, 0.2983270331892468, 0.2427057041174347, 0.30273076177266545, 0.264505131087441, 0.3119353528968016, 0.2341906762980178, 0.24591594846820308, 0.24341788814257048, 0.2786588802703257, 0.3502251220697379, 0.2293038437730146, 0.1954275823349163, 0.22205874983929236, 0.19887458770826538]}, "3": {"level 1": [0.19752127081246457, 0.1544226178149733, 0.2153987176496422, 0.18777709005872867, 0.14865332358440897, 0.22476864271817837, 0.11932420900239181, 0.1975022992335554, 0.18777709005872867, 0.21162657062425466, 0.20251221598550495, 0.15899403733128448, 0.2025947395177172, 0.18777709005872867, 0.1368640770992726, 0.294514167912004, 0.17685166235508948, 0.21731134700595092, 0.20363487775084854, 0.18777709005872867, 0.20038988932010393, 0.17409538047642792, 0.31470513294335983, 0.18777709005872867, 0.18777709005872867, 0.21094389838885236, 0.1472028362609329, 0.1997108968694325, 0.18779687354786043, 0.12467664783891626], "level 2": [0.28535529349997657, 0.24955965587750167, 0.24980079201555305, 0.270754552360685, 0.270450677315374, 0.24561707593295135, 0.22514933157079142, 0.2531733089263388, 0.2457538548666129, 0.2431205394232911, 0.27088739628169717, 0.24987185587764962, 0.2285312740262252, 0.21654406575677554, 0.27445555577559166, 0.29546383846589996, 0.22514933157079142, 0.2554513313689266, 0.2457538548666129, 0.2338576466417048, 0.34952907468750705, 0.1988520857153055, 0.22739875145311342, 0.21654406575677554, 0.21654406575677554, 0.24598106232197592, 0.24829996634637735, 0.2570359751616064, 0.2697810841103153, 0.2615617884264851], "level 3": [0.27650120620541585, 0.2810315572696311, 0.2652004361265014, 0.32896180492702226, 0.28145655639381784, 0.2729536648734889, 0.26849985342922567, 0.2744768189165626, 0.3242934610520013, 0.38598458037898103, 0.25699454823384305, 0.27813034459688757, 0.2564894456886931, 0.2618502113273319, 0.255598533848559, 0.2708932944608976, 0.2789822564440169, 0.34866139224446735, 0.29522900851853884, 0.36621986543168994, 0.2599106734909517, 0.3682851908860234, 0.31483593185833786, 0.3046038775601215, 0.2723101479236787, 0.26628699812355205, 0.25789848693457795, 0.30058956143462207, 0.30797521331621047, 0.3240127669864594]},