{"0": {"level 1": [0.22626233617039707, 0.3390543721359102, 0.28272773491687986, 0.2610853255786758, 0.45692490593964435, 0.330223379527124, 0.3390543721359102, 0.34205414600615053, 0.3400657140917507, 0.45692490593964435, 0.330223379527124, 0.3390543721359102, 0.15600869936259948, 0.3018767904527962, 0.35004383078084306, 0.330223379527124, 0.3390543721359102, 0.25511216928062763, 0.3026770377537788, 0.2967364812573753, 0.2745848486888759, 0.3390543721359102, 0.24675058691080556, 0.367061196437703, 0.3297696344439849, 0.21149675253616926, 0.3390543721359102, 0.26610187899169224, 0.3400657140917507, 0.35004383078084306], "level 2": [0.23584307165706386, 0.3390543721359102, 0.3796826588595046, 0.20405315707600152, 0.2831632061089736, 0.23656505587800936, 0.3390543721359102, 0.2953205850662487, 0.28888747184637076, 0.340826347108683, 0.325777899347951, 0.3390543721359102, 0.33796628186344374, 0.28316629858251363, 0.2831632061089736, 0.22626233617039707, 0.3390543721359102, 0.28503041341171165, 0.2646891657303807, 0.273333190076755, 0.212290374514869, 0.2941196264422923, 0.22818421105271863, 0.28200250200135735, 0.45692490593964435, 0.330223379527124, 0.3390543721359102, 0.3664122823639102, 0.30276022846864725, 0.27406527416799503], "level 3": [0.41962003142082743, 0.5151062325738652, 0.27066649063175247, 0.4254989241474248, 0.5137870785625501, 0.4597306202056667, 0.42691718388747785, 0.4527163370929409, 0.4935409220049084, 0.5006607221298778, 0.5011233472757475, 0.45340590089161076, 0.4418731622312166, 0.5053286507015919, 0.5053286507015919, 0.4597306202056667, 0.48201600928481275, 0.4532135619309877, 0.5053286507015919, 0.4565613385873427, 0.45871641174333216, 0.45340590089161076, 0.509580951938223, 0.4824129331762046, 0.49081144037696944, 0.2727062683004421, 0.43796021708553834, 0.40434774512485505, 0.3130174509075275, 0.47263506812623307]}, "1": {"level 1": [1.0, 0.6723612444014699, 0.6370627236852533, 1.0, 0.38051514258811847, 1.0, 0.6018188494085959, 1.0, 1.0, 1.0, 1.0, 0.6723612444014699, 0.626202557942631, 1.0, 0.6862914033956216, 1.0, 0.6008198631461501, 1.0, 0.595872591203009, 1.0, 1.0, 0.6723612444014699, 1.0, 1.0, 1.0, 0.626906589278188, 0.6008198631461501, 0.6337831143769248, 0.7295812824909326, 0.6233271414307786], "level 2": [1.0, 1.0, 1.0, 1.0, 1.0, 1.0, 1.0, 1.0, 1.0, 1.0, 1.0, 1.0, 1.0, 1.0, 1.0, 1.0, 1.0, 1.0, 1.0, 1.0, 1.0, 1.0, 1.0, 1.0, 1.0, 1.0, 1.0, 1.0, 1.0, 1.0], "level 3": [1.0, 1.0, 1.0, 1.0, 1.0, 1.0, 1.0, 1.0, 1.0, 1.0, 1.0, 1.0, 1.0, 1.0, 1.0, 1.0, 1.0, 1.0, 1.0, 1.0, 1.0, 1.0, 1.0, 1.0, 1.0, 1.0, 1.0, 1.0, 1.0, 1.0]}, "2": {"level 1": [0.1140588290841443, 0.21603518540104671, 0.29397274951030594, 0.12500932184776237, 0.11538326996863096, 0.1140588290841443, 0.37960103602134715, 0.3352619109111475, 0.12500932184776237, 0.11216238372112451, 0.1140588290841443, 0.36032545307455327, 0.11601205384076775, 0.13987398920151442, 0.11538326996863096, 0.23302949583406748, 0.23882736153394848, 0.34753458651822977, 0.12500932184776237, 0.11225826996863096, 0.1140588290841443, 0.33916904323901564, 0.11913705384076774, 0.2771994135374206, 0.11225826996863096, 0.1140588290841443, 0.11528738372112451, 0.11586786643872085, 0.12500932184776237, 0.11216238372112451], "level 2": [0.31451181889819046, 0.2613970276942898, 0.11790658008237166, 0.389818853219241, 0.336912466186208, 0.24865885122765108, 0.15589737023759098, 0.11710602902076332, 0.12817208062507734, 0.11366007138986939, 0.1140588290841443, 0.12381498832608422, 0.22101880522124406, 0.23832300248220795, 0.3757132334078801, 0.2808738701959799, 0.3148968390024223, 0.14487281557847306, 0.29702978964708504, 0.22188959652508422, 0.25222744697145677, 0.37394876848258485, 0.28563159683683526, 0.2862160893903323, 0.14593496984958343, 0.1140588290841443, 0.13799768240938837, 0.3744528005946639, 0.30462418268333236, 0.11538326996863096], "level 3": [0.505431924586917, 0.3853490419703024, 0.3704912749828462, 0.5074006179405591, 0.4731944059179012, 0.4531054761810184, 0.3490779613268376, 0.43063559085649855, 0.5496298409326694, 0.5065709359297567, 0.3984045448892025, 0.37358352613596163, 0.3434403780344132, 0.3597267960589887, 0.35659033648499905, 0.2898518053209395, 0.3029159982732803, 0.3713470044310504, 0.4275072091905229, 0.2888751911518533, 0.485645153359588, 0.35246009458997524, 0.293578068355527, 0.553438594947846, 0.32994026978651236, 0.3701163201909163, 0.4572024442624277, 0.3543266066725891, 0.4413576257566325, 0.32848651472062007]}, "3": {"level 1": [0.22956691228375076, 0.36270745393536397, 0.2586096357330724, 0.41177233839089444, 0.44403343647889487, 0.22956691228375076, 0.22945680466095125, 0.46429526846808933, 0.31391724212397865, 0.5007644423208767, 0.22956691228375076, 0.22945680466095125, 0.5438129446353556, 0.3102982780749951, 0.5007644423208767, 0.22956691228375076, 0.18634699482302516, 0.32647675198177817, 0.31391724212397865, 0.48700698299283735, 0.4381476210335218, 0.45404761198428556, 0.19168321363490864, 0.4042549570909013, 0.36932516710691454, 0.22956691228375076, 0.4118920186575715, 0.5016759062225811, 0.2808062941901802, 0.48852969102822197], "level 2": [0.5206732386142154, 0.3173159145700971, 0.3366159011362205, 0.5156341492472916, 0.39396778861230275, 0.32368977506936514, 0.4478842811492699, 0.4376205547674601, 0.5218259820674692, 0.3886319741640102, 0.32368977506936514, 0.41801804617598404, 0.43678243405112993, 0.4964390581935784, 0.37659368533138426, 0.5282308846158371, 0.4616790601960712, 0.43519263624662047, 0.4741420100279336, 0.3672568800079331, 0.32197306283399246, 0.41801242765023217, 0.48348946914717295, 0.3778929489797994, 0.3600817086176926, 0.32368977506936514, 0.49369437953474793, 0.4363321818793388, 0.5218259820674692, 0.2393072580446422], "level 3": [0.6558251121381014, 1.0, 0.4902481799818122, 0.6046543736027696, 0.7512475226619637, 0.6730959974334569, 0.6051132444774263, 0.9299291885114971, 1.0, 0.7670247148859759, 0.33731381272006444, 0.49664767343283167, 0.4766088836734297, 0.45890364212091195, 0.5652226208344204, 0.6527549128853833, 0.7026928840842435, 0.8171189600789353, 0.7662812005135644, 0.7721433883541184, 0.7236355628932565, 0.6317897789997827, 0.5612025244050745, 0.5153585657752252, 0.7030845025762538, 0.7738759561153097, 0.5038671119802434, 0.6859850308219482, 1.0, 0.7744877558791152]}, "4": {"level 1": [0.2935826263013293, 0.14506996567753314, 0.13177847319378094, 0.31205160774291313, 0.36342957551468014, 0.13634377144442802, 0.2970936293313384, 0.1426519552943525, 0.32450285897464914, 0.21162076015400358, 0.2987222824098299, 0.26571882128274765, 0.2902701846043368, 0.14520664981188652, 0.27106360097878246, 0.35315337122769797, 0.1537746988649485, 0.31715869767986976, 0.23382442910632167, 0.24071853590741837, 0.14148581787440567, 0.12349645014709802, 0.11789980099331801, 0.21658772103940888, 0.16561003978527342, 0.2984387619733197, 0.3478980733919059, 0.11690328719695023, 0.2978278820903832, 0.3601893105968616], "level 2": [0.38132646106566725, 0.4548480359977005, 0.35248694311624323, 0.24180905665129998, 0.4157908298225206, 0.4197161654991673, 0.21824536269567515, 0.37214802497987953, 0.2900131057188606, 0.28693803803504986, 0.45797628565700976, 0.40149874527639706, 0.4349657685692252, 0.404010024935377, 0.4527527701288301, 0.4625981243325788, 0.44607235203968676, 0.3035822308272933, 0.3299135010264922, 0.3765358259903966, 0.40306309641118243, 0.42429682592944307, 0.44654098846436896, 0.20844671545839907, 0.33748190274307, 0.4412284321602832, 0.3910577662031475, 0.2962842083289021, 0.39584699516809535, 0.2908754952965626],