{"0": {"level 1": [0.30175744107698205, 0.3038089277711689, 0.26675929999851783, 0.21467482660429132, 0.24181194400099787, 0.30175744107698205, 0.3038089277711689, 0.17297280440951562, 0.31639336563248444, 0.25111426958239325, 0.3522168735673529, 0.3038089277711689, 0.11833541958653893, 0.31639336563248444, 0.4141549809055233, 0.273824666405867, 0.3038089277711689, 0.23645828273832045, 0.31639336563248444, 0.4141549809055233, 0.3225329302019796, 0.30881761442419936, 0.30670198554518396, 0.19105980185543975, 0.29113819179023953, 0.30175744107698205, 0.3038089277711689, 0.1537893774331412, 0.31639336563248444, 0.11570775991669256], "level 2": [0.2450418271948951, 0.20075220123081933, 0.24480664648766887, 0.21467482660429132, 0.30665925144674167, 0.13431796150143066, 0.3038089277711689, 0.20003219250937887, 0.30432814051925894, 0.30521716869745, 0.35354274711112466, 0.3038089277711689, 0.30906773180600866, 0.2653001445826099, 0.17636060019721583, 0.29337560041528177, 0.2739940261247111, 0.2767501611161014, 0.2184208142826334, 0.26235724564684115, 0.30175744107698205, 0.3038089277711689, 0.29759018505037016, 0.31639336563248444, 0.18100034749848742, 0.2171323253698464, 0.31056396341235826, 0.11665438582174825, 0.3143720205357605, 0.18616023596608888], "level 3": [0.5150261677645109, 0.5285432731323, 0.3320807936837379, 0.4088146705824439, 0.378857092503362, 0.4942176806436531, 0.44679942956293384, 0.3341368135081865, 0.41627524486552303, 0.31712865629733966, 0.5096496536530337, 0.42262980783840376, 0.4331778834698672, 0.44265206024978027, 0.4889194198811162, 0.36990864185381483, 0.44177488957588573, 0.4395871420102943, 0.4414167434287143, 0.4634972988388494, 0.5190504902620632, 0.49893425800581737, 0.43702964691368706, 0.46793078625083984, 0.42550796088331155, 0.4022046499444684, 0.4470580405031884, 0.39434597860668763, 0.366790863430317, 0.41355586881238693]}, "1": {"level 1": [1.0, 0.5998637992827787, 0.5038831694415508, 1.0, 0.6355988288009535, 1.0, 1.0, 1.0, 1.0, 1.0, 0.6762426777598617, 0.5998637992827787, 1.0, 1.0, 0.6922944411999007, 1.0, 0.5998637992827787, 1.0, 1.0, 0.6168873924332572, 1.0, 0.5998637992827787, 1.0, 1.0, 0.6862024839070602, 0.5042850991445644, 0.5998637992827787, 0.5042850991445644, 1.0, 0.6233271414307786], "level 2": [1.0, 1.0, 1.0, 1.0, 1.0, 1.0, 1.0, 1.0, 1.0, 1.0, 1.0, 1.0, 1.0, 1.0, 1.0, 1.0, 0.5998637992827787, 0.6251635650304845, 1.0, 1.0, 1.0, 0.5998637992827787, 0.6980696735500975, 1.0, 1.0, 1.0, 1.0, 1.0, 1.0, 1.0], "level 3": [1.0, 1.0, 1.0, 1.0, 1.0, 1.0, 1.0, 1.0, 1.0, 1.0, 1.0, 1.0, 1.0, 1.0, 1.0, 1.0, 1.0, 1.0, 1.0, 1.0, 1.0, 1.0, 1.0, 1.0, 1.0, 1.0, 1.0, 1.0, 1.0, 1.0]}, "2": {"level 1": [0.28180073882936435, 0.3883724187569443, 0.32383168550722125, 0.37583375592895485, 0.3454390652142363, 0.3412403859648768, 0.4139545218897349, 0.36994157741195743, 0.45761860975474655, 0.3533563700283898, 0.11650031817931147, 0.31578972335039407, 0.19744717278276025, 0.41628621168128926, 0.3923783280199259, 0.3336203679557194, 0.31530753582485876, 0.2963268975534109, 0.39398737977584997, 0.34868162327361607, 0.32473979776565853, 0.2490924199758165, 0.38785605259379313, 0.4643369328132573, 0.42314359312175215, 0.45796630657666876, 0.12126083164073906, 0.3374464429725325, 0.39398737977584997, 0.31122970373621467], "level 2": [0.29868333024242905, 0.45276197465738094, 0.36142822670083213, 0.40376766382589374, 0.36684224101978385, 0.39273691054479554, 0.3679019223749974, 0.1383908484893725, 0.3994822661895851, 0.4166729179629355, 0.47849631454000263, 0.4095126404024755, 0.2852282269390987, 0.4529834955158565, 0.30831059233342184, 0.4426254862684402, 0.3650296793208049, 0.3180085555333775, 0.441148132877626, 0.39751743568685727, 0.4532121627530854, 0.39904517098064407, 0.29648585308747333, 0.4475563374538406, 0.37997691630767033, 0.3565755024324587, 0.48420143127103055, 0.2867211162882882, 0.42515325741955, 0.3574017980950017], "level 3": [0.4772409633165705, 0.4238190700691258, 0.4999466118274143, 0.48703506507369865, 0.3858938419850382, 0.5262720538099899, 0.5266047646828421, 0.4608411654749711, 0.42226740615991426, 0.50042060847315, 0.5004550027206793, 0.4872867575440174, 0.41016948604110703, 0.42293877883271475, 0.3435353644384357, 0.609452097024612, 0.5131436726384988, 0.4332123859676864, 0.3972143974899995, 0.4977654010179673, 0.4495063851774995, 0.5460570752809989, 0.2828274850009411, 0.4297854342893891, 0.37578384316095487, 0.5161560013315104, 0.5256055275480149, 0.46825232406459805, 0.4640210442463468, 0.5086912229456814]}, "3": {"level 1": [0.5093810051407084, 0.3314739851276788, 0.3955662143142824, 0.3310640024984868, 0.39754668657889125, 0.5093810051407084, 0.41434674834981644, 0.4144200355132058, 0.4855946257143873, 0.4390661680446614, 0.45306128007021573, 0.2600174685572903, 0.5174780286212834, 0.3523611073217331, 0.39754668657889125, 0.46756746461440984, 0.3420157380791685, 0.35116357405861354, 0.19908125871249477, 0.2720639754666083, 0.441588316945434, 0.34909628512018226, 0.4199705492144281, 0.19908125871249477, 0.2598820774325178, 0.4742319968203781, 0.3482731264184631, 0.27706474214072313, 0.4069016490781092, 0.39754668657889125], "level 2": [0.50705020749833, 0.4128932810131005, 0.3425478223420121, 0.5116398302450863, 0.47493110884206186, 0.32368977506936514, 0.2188366751168222, 0.41931996079711775, 0.49152298727066357, 0.2393072580446422, 0.5358865810972665, 1.0, 0.3347825844126847, 0.29362188274802925, 0.4072999520332423, 0.38405058773276657, 1.0, 0.4478629853413151, 0.5001481324876227, 0.4987631545645491, 0.3237135579924434, 0.4752640119207749, 0.5013721547683305, 0.4826608417871664, 0.47493110884206186, 0.5358865810972665, 0.46898880709420276, 1.0, 0.5353031670433479, 0.3504544813727063], "level 3": [1.0, 1.0, 1.0, 0.5693545780283622, 0.6179117414550339, 0.6730959974334569, 0.6009204025759243, 0.8958679184586948, 1.0, 0.7670247148859759, 0.5854263783858996, 0.5739573957917348, 0.5368988965246622, 0.6165240100948389, 0.5199254491841343, 0.6801577414455158, 0.5207305446894351, 0.8002447081288371, 0.5619141973796586, 0.5470268888429863, 0.3847398181419538, 0.6151078928838569, 0.6343467192366078, 0.6435433139732856, 0.4741098072013028, 0.7758654959350644, 0.5228793734460779, 0.7074381086087007, 0.4920664202578732, 0.7670247148859759]}, "4": {"level 1": [0.36387804705422483, 0.23936360458056954, 0.21384886628505648, 0.45761842318824897, 0.4431945476728236, 0.3224393908418337, 0.36040505961878266, 0.36921811089127293, 0.4691935043073695, 0.29453285852016564, 0.3664226063424483, 0.3226678113674819, 0.3747842728011157, 0.4542655630841599, 0.35972325916345826, 0.32040612158034476, 0.39599527175096805, 0.3159899863836111, 0.4535942994449943, 0.326407798495222, 0.3394234378798002, 0.3353643343367011, 0.4310761545573614, 0.4691935043073695, 0.3632648214107773, 0.29709051273311843, 0.2542487741427223, 0.18731460354560042, 0.45817629982827207, 0.36929306888474933], "level 2": [0.4595505930216732, 0.46840322390294425, 0.43151776839391004, 0.4760279855423416, 0.4259568402078171, 0.41849827309467325, 0.42177851801194133, 0.4526338166700108, 0.4159885091560871, 0.29909745894754375, 0.35724725848377287, 0.45597845458691155, 0.2410874702843889, 0.45684506254013246, 0.3157920313955028, 0.47991354998392277, 0.4512590390468364, 0.47887830815451804, 0.5176293650508419, 0.3459571711063828, 0.5108265294463346, 0.46548011482279605, 0.35023653844958397, 0.4249734403817163, 0.28859087340412765, 0.44704242009798256, 0.44338101453181245, 0.4499940822818005, 0.4627947877634578, 0.29548703784706537],