{"0": {"level 1": [0.2891195979855986, 0.21965420341535136, 0.308581296231624, 0.2481817068658454, 0.27161273442363165, 0.3687669872522801, 0.2847786372555243, 0.1482963827570678, 0.27952577806059475, 0.33382649203356374, 0.3175122067883564, 0.25768128972010407, 0.29013971587448867, 0.3247551573422033, 0.34783737325407504, 0.2705631133157832, 0.2988877960916262, 0.32452679098679094, 0.28664823837474307, 0.28830026089639654, 0.295165587516133, 0.32657238167589253, 0.3204428218104719, 0.39141058060299416, 0.37727403788581465, 0.2885494078217402, 0.24497405686994797, 0.3080750026592961, 0.3576893245940455, 0.40874118347317134], "level 2": [0.2736470100413242, 0.23519424188264623, 0.2582982514054139, 0.31527802253608395, 0.33043599373371935, 0.32269386717297316, 0.33472107741708035, 0.4394179721712239, 0.32860541649162833, 0.30926906168665375, 0.3484669152843969, 0.23282085082315018, 0.17241947537884705, 0.27745559611899906, 0.3874401821390775, 0.23849237246042068, 0.3727255693691912, 0.35871449586857795, 0.29071447513068643, 0.26672950384876226, 0.31298354786903, 0.41619105484089636, 0.43381363865023703, 0.28998700165012115, 0.5046391587868856, 0.2808970041602179, 0.48166446141726654, 0.2856672805735756, 0.4896426495096681, 0.28224226753288106], "level 3": [0.5055041877260152, 0.46501156904044255, 0.4671309476666551, 0.31939537158297604, 0.3675287826692426, 0.4537039472015453, 0.49921806447703904, 0.4284495281906242, 0.4213937195561336, 0.4738742979248109, 0.47419628941620595, 0.5133562488060357, 0.4817795507587098, 0.4895126757173057, 0.4870442319608781, 0.44530639628768615, 0.501078488837289, 0.34243921595095633, 0.298217479516829, 0.45431394949478454, 0.44795538851785743, 0.4633407210990678, 0.4243143711105615, 0.4446595652782253, 0.4446962894339406, 0.4792709917573693, 0.32079951753023994, 0.3614829375118842, 0.43301691154656863, 0.4438291898500707]}, "1": {"level 1": [0.737793408424863, 1.0, 0.5998637992827787, 0.5998637992827787, 0.5998637992827787, 1.0, 1.0, 1.0, 1.0, 1.0, 0.7373784499419133, 1.0, 0.6856225505292242, 1.0, 1.0, 0.5998637992827787, 0.5654723160172996, 0.5998637992827787, 0.5998637992827787, 0.5998637992827787, 1.0, 1.0, 1.0, 1.0, 0.5998637992827787, 0.7373784499419133, 0.5654723160172996, 0.5998637992827787, 0.5998637992827787, 0.5998637992827787], "level 2": [0.6177326859699872, 1.0, 1.0, 1.0, 1.0, 1.0, 1.0, 1.0, 1.0, 1.0, 1.0, 1.0, 1.0, 1.0, 1.0, 0.6177326859699872, 0.6177326859699872, 0.4850432801627026, 0.6177326859699872, 0.6177326859699872, 1.0, 1.0, 1.0, 1.0, 1.0, 1.0, 1.0, 1.0, 0.621479960567673, 1.0], "level 3": [1.0, 1.0, 1.0, 1.0, 1.0, 1.0, 1.0, 1.0, 1.0, 1.0, 1.0, 1.0, 1.0, 1.0, 1.0, 1.0, 1.0, 1.0, 1.0, 1.0, 1.0, 1.0, 1.0, 1.0, 1.0, 1.0, 1.0, 1.0, 1.0, 1.0]}, "2": {"level 1": [0.17941483776909858, 0.11456699409961435, 0.12817208062507734, 0.15691272571266485, 0.15732358123574236, 0.1100966262792128, 0.12817208062507734, 0.2737826656401463, 0.16463444862041327, 0.13563598839449856, 0.2093009102043448, 0.15358597245184663, 0.1218246845245126, 0.1241281301879156, 0.13563598839449856, 0.27958722836625105, 0.18589362385783928, 0.1663067766770558, 0.24476396541574869, 0.12817208062507734, 0.11818941729826934, 0.2935887419774799, 0.13666611328407788, 0.10902324574861683, 0.16224991120373072, 0.20467610719550544, 0.1427998391238932, 0.1668774253671247, 0.1632276674287063, 0.31878583707778746], "level 2": [0.30246408137150627, 0.3667476682488173, 0.2770840679925335, 0.40285347495699175, 0.27215517453597904, 0.2913725886901593, 0.30276385852584253, 0.209238468616521, 0.12684428494472821, 0.2699011908547597, 0.24863159521076944, 0.37033603361801065, 0.12500932184776237, 0.260027994982536, 0.37084032397060196, 0.2285977454810017, 0.25945258623117284, 0.1355782834761681, 0.24881554081104937, 0.2743539648767533, 0.15855396203365635, 0.18627231180571718, 0.23613976170335527, 0.2842702036695875, 0.2626706921086573, 0.16103311991016642, 0.24980152519630827, 0.12500932184776237, 0.12500932184776237, 0.3347355959375903], "level 3": [0.5063483478434382, 0.5944434381611109, 0.4325323808003808, 0.5215067040645656, 0.4344994721340235, 0.5148122716449408, 0.35179042867237087, 0.40008944873203683, 0.5693249775733416, 0.4188439975804291, 0.39322565765324585, 0.44610582925721176, 0.46299850464760706, 0.4014458343356284, 0.4298812055435761, 0.5020144210426155, 0.4135218309767521, 0.48398522320917536, 0.4245382882954115, 0.5215556337067743, 1.0, 0.3941128239993417, 0.338753144704872, 0.4457509796496525, 0.47670982079756524, 0.48845725385918515, 0.4661008849205338, 1.0, 0.34784373685481507, 1.0]}, "3": {"level 1": [0.22956691228375076, 0.20520439881416394, 0.18526097858209414, 0.23075510744509475, 0.17627746764959323, 0.24163559309275093, 0.23075510744509475, 0.1804417014736604, 0.23075510744509475, 0.16857968573348484, 0.23075510744509475, 0.22956691228375076, 0.29159708113543054, 0.22956691228375076, 0.22945680466095125, 0.22956691228375076, 0.18010683584754855, 0.18526097858209414, 0.23075510744509475, 0.23075510744509475, 0.22416654040437362, 0.22956691228375076, 0.17379480974524858, 0.18526097858209414, 0.17379480974524858, 0.17627746764959323, 0.1989453733472677, 0.22956691228375076, 0.22956691228375076, 0.17379480974524858], "level 2": [0.6029882755439259, 1.0, 1.0, 1.0, 0.23588331257329986, 0.7429809091839729, 0.4591897417118778, 0.750885964471214, 0.5914895398565383, 1.0, 0.48020328968090414, 0.23458500978915636, 0.23469511741195587, 1.0, 0.5232406535029798, 0.4381758299645624, 0.23469511741195587, 0.28326627968195, 0.5553037428269503, 0.7062477973256749, 0.2346426181446421, 0.18343336396211604, 0.229514413016437, 0.24157798688600307, 0.23578767171654558, 0.38867429558416955, 0.5429421199126063, 0.44803667114063994, 0.22945680466095125, 0.22956691228375076], "level 3": [0.6681492431552114, 0.6828701593742192, 0.6681492431552114, 0.6399172599058309, 0.7259805684564162, 0.6074027554678849, 0.6205487897973361, 0.6286570899860122, 0.5892246487331968, 0.6197941790788026, 0.5653810443168592, 0.6098989742932879, 0.5392112483863883, 0.5667624418361521, 0.6189952945157088, 0.6352931252057701, 0.6138075020832535, 0.6098989742932879, 0.6085009474208711, 0.6286570899860122, 0.691528618770202, 0.7652804923013113, 0.702782212862394, 0.6189952945157088, 1.0, 0.6189952945157088, 0.6286570899860122, 0.7855683417729319, 0.6129917727397424, 0.6189952945157088]}, "4": {"level 1": [0.21832089532427482, 0.28734510425077864, 0.10220161215590205, 0.33250643815469355, 0.2650013995652714, 0.2266040766763054, 0.18752714754610775, 0.20077738422732672, 0.11621834825733417, 0.26187540929152314, 0.11343962751163987, 0.26157942536377565, 0.15995988342996226, 0.08610010168477952, 0.2807583309651898, 0.3442582137574427, 0.15514236174834647, 0.12063135538754054, 0.344919176830094, 0.14797668069272452, 0.17327317469173165, 0.1903280026687516, 0.38481300897449167, 0.3167106942751385, 0.10285225360600818, 0.13872151900100327, 0.18118531813737063, 0.11017041878178219, 0.14320485280323653, 0.20172481562987518], "level 2": [0.2848806056189702, 0.29476754922348714, 0.30227114386895637, 0.25330897783549755, 0.29751778304274223, 0.3494407731501839, 0.33304396886779036, 0.3050773334663832, 0.34984907491478195, 0.3462034848032178, 0.33821043782376115, 0.2847826664813595, 0.3608124435485352, 0.2833628343658634, 0.3948566618477537, 0.3312939858376636, 0.28036726917603944, 0.3569729020974495, 0.273594753296299, 0.2743479969645901, 0.2509418451975325, 0.3269439841666587, 0.30592196915072406, 0.38218547709974116, 0.2783767510108699, 0.3432304056191543, 0.35751177180667165, 0.31016285866397264, 0.29860446717302075, 0.3887193683121415],