{"0": {"level 1": [0.1296917315942771, 0.18123523718477255, 0.13148316617207234, 0.25861660777403284, 0.13419989193097362, 0.1296917315942771, 0.26111032065248985, 0.21104108414370715, 0.2679189333554282, 0.13419989193097362, 0.13399280686309428, 0.134818260383477, 0.13457220005633685, 0.19090274963008902, 0.13399280686309428, 0.20807469830743552, 0.19919437936251197, 0.09975692852140372, 0.0630750774307362, 0.20807469830743552, 0.33058201164197776, 0.2564619330886203, 0.15247949089026247, 0.0630750774307362, 0.25861660777403284, 0.1344263487065322, 0.2013238651210432, 0.25894694193758444, 0.25861660777403284, 0.3398582970649176], "level 2": [0.3466035429565043, 0.32963041922940967, 0.21717648796314581, 0.2855843822268797, 0.21373496890582905, 0.20582495617053637, 0.2621286506990693, 0.18904072963808433, 0.32521702027022037, 0.13721583912338342, 0.2294308576459052, 0.2294308576459052, 0.27044853970181126, 0.13399280686309428, 0.23983666538672427, 0.23336817700787751, 0.2114803331617181, 0.25523137889961045, 0.3209449695151007, 0.24141439353829885, 0.13399280686309428, 0.40074909170054196, 0.38098916183117365, 0.2937462385542252, 0.22734129621636767, 0.2834677767513608, 0.2535101181529529, 0.2804766258983473, 0.2752178612586511, 0.2874747424458185], "level 3": [0.4379239804114306, 0.5366983716983226, 0.3720535315372979, 0.41699639755741147, 0.4055959976306387, 0.4923710424909866, 0.5544016377659693, 0.3995598368177468, 0.43488381643965346, 0.5029176950415173, 0.5378920708936895, 0.47247174594022556, 0.4934800258465842, 0.48563087926220105, 0.5378920708936895, 0.44352218333217186, 0.5028053380425694, 0.5295925557635435, 0.4087193631095753, 0.41349575065113736, 0.5247077597492616, 0.5521513153552359, 0.4096563180233843, 0.43492167627799705, 0.4809177345343305, 0.496277310336728, 0.5030546070679195, 0.45404114626869896, 0.33932453692733244, 0.45300502231931133]}, "1": {"level 1": [0.7111721572667024, 0.5639778351210425, 1.0, 0.34612898389501245, 0.7139152168631369, 0.34611134133111787, 0.7293989595591144, 0.38921410080965, 0.34612898389501245, 0.725467372035096, 0.7139152168631369, 1.0, 0.5280331738370635, 0.34612898389501245, 0.721026355658138, 0.7111721572667024, 0.5642019729329294, 0.5656275176480906, 0.34609388932339236, 0.7130197549343118, 0.721073651621677, 1.0, 1.0, 0.3510463837351761, 0.721026355658138, 0.34611134133111787, 0.5720303112215485, 0.7139152168631369, 0.34609388932339236, 0.7128073512437201], "level 2": [0.7139152168631369, 0.7167257612236797, 0.7165203653723141, 0.7167257612236797, 0.7130197549343118, 0.7139152168631369, 1.0, 0.40820894962766774, 0.7374068282433808, 0.7317870548198822, 0.5756573480805671, 0.48210216978221104, 0.4612068622340346, 1.0, 1.0, 0.7111721572667024, 0.7148599465895258, 0.5829411481964233, 0.6649105381164854, 0.7130197549343118, 0.7112035564023715, 1.0, 1.0, 0.5959970556523204, 0.7130197549343118, 1.0, 0.4488192544490829, 1.0, 0.5689822900951345, 1.0], "level 3": [1.0, 1.0, 1.0, 1.0, 1.0, 1.0, 1.0, 1.0, 1.0, 1.0, 1.0, 1.0, 1.0, 1.0, 1.0, 1.0, 1.0, 1.0, 1.0, 1.0, 1.0, 1.0, 1.0, 1.0, 1.0, 1.0, 1.0, 1.0, 0.595883002810926, 1.0]}, "2": {"level 1": [0.11225826996863096, 0.12540943035804894, 0.1240722637575247, 0.11225826996863096, 0.11225826996863096, 0.11214824574861683, 0.12514362494451522, 0.1256823154301705, 0.11214824574861683, 0.09938228830180831, 0.12500932184776237, 0.13584452680404743, 0.1258905495751707, 0.11214824574861683, 0.12500932184776237, 0.12961430203197355, 0.12540943035804894, 0.30364808736408566, 0.11225826996863096, 0.11225826996863096, 0.12961430203197355, 0.12540943035804894, 0.13513853157910738, 0.11225826996863096, 0.11225826996863096, 0.12961430203197355, 0.1803254717382147, 0.1352287020564941, 0.11225826996863096, 0.11225826996863096], "level 2": [0.20588751128385221, 0.2575070943083962, 0.19994080345446802, 0.2034308875767042, 0.205162604674374, 0.20356476075538402, 0.18599184069724903, 0.19228614364795274, 0.21444402691198972, 0.2544448177031715, 0.21273334333718943, 0.24165747056525821, 0.21948934084160454, 0.28844927435583156, 0.19583093181825384, 0.22072616338265416, 0.21090516909063145, 0.2643452516332589, 0.21174974805938232, 0.2764165090727695, 0.22643765161041512, 0.23036646338905511, 0.2077586603221758, 0.1783529199875093, 0.15526379411237246, 0.22176264496105869, 0.20678468334993108, 0.19457062576452194, 0.14330680219273081, 0.3052475556776515], "level 3": [0.36812269364023514, 0.33518181202750646, 0.33047464888814204, 0.31946426744554857, 0.3359450534441854, 0.24544178251565985, 0.25693451963466385, 0.3015195345258276, 0.29375010119742195, 0.27085914992644233, 0.28294881275415407, 0.3409613825126707, 0.32615967314571376, 0.29855306145206995, 0.3409613825126707, 0.2591125494906342, 0.323561826848913, 0.2482359658592298, 0.2598921358723028, 0.2514264658407884, 0.27425082751856145, 0.25570840203778017, 0.33284217961839346, 0.26767027121391046, 0.280949351631977, 0.31350145624962533, 0.3175749204910081, 0.30566779430970226, 0.30002385404835497, 0.32860249744127396]}, "3": {"level 1": [0.3047896544797763, 0.3017379975772684, 0.31600654527567174, 0.2794055212766475, 0.287998018416396, 0.3017379975772684, 0.2653542405583872, 0.31803628980344123, 0.3041218519141801, 0.3365835829332488, 0.30179603000276656, 0.2653542405583872, 0.3261465146886513, 0.3041218519141801, 0.30179603000276656, 0.3017379975772684, 0.2653542405583872, 0.42863231792703627, 0.3139187558840011, 0.33444360116096544, 0.3017379975772684, 0.3017379975772684, 0.18223923053903318, 0.1641562555283811, 0.3365835829332488, 0.3041218519141801, 0.3017379975772684, 0.43569439467822724, 0.33872397505746177, 0.3753831876107716], "level 2": [0.47541535647441246, 0.49427166564698777, 0.3449967873105343, 0.41646151362774575, 0.30566588937139944, 0.3252335692476892, 0.49324719431692066, 0.6788099277972401, 0.3373627859102176, 0.4786539485192344, 0.3466672570256309, 0.5296628845160118, 0.5062859289816198, 0.3973027993727859, 0.3675280011963694, 0.44446019553058314, 0.4406230217302388, 0.48147959718338523, 0.4588777764731471, 0.3251472910556961, 0.3695955112697312, 0.45887861512654377, 0.4632815338623999, 0.3593478516343471, 0.46097445398660086, 0.4692459279771294, 0.5342458958046034, 0.41957039580707467, 0.3593092023669731, 0.4816552430576061], "level 3": [0.675504157574938, 0.7707086174729684, 0.42967825946980565, 0.7755401096862176, 0.6553154063397463, 0.6828139494027492, 0.7022860094506511, 0.6692144149069937, 0.6720621870716363, 0.8311431793068622, 0.6089106422984802, 0.4792905869947387, 0.5847830811689629, 0.62779514116976, 0.5912783084331443, 0.6677227363461742, 0.6541789804543487, 0.7954160763216374, 0.6713636558065464, 0.6392603448966485, 0.7821670013488667, 0.6611143395142738, 0.684997491937456, 0.7428764965160035, 0.5740757959514338, 0.8023404768653066, 0.7343733994497456, 0.7630500406117053, 0.6958724796293192, 0.8023404768653066]}, "4": {"level 1": [0.2661107076061611, 0.11343962751163987, 0.1129776638524526, 0.11211667080431298, 0.11202166756814444, 0.10053640170518825, 0.2680431254611598, 0.11519633096833667, 0.16737754414243103, 0.13724275234683259, 0.26019500874768103, 0.12044964923578957, 0.1554979541978645, 0.2498735665842231, 0.12067025034803415, 0.10316405884899515, 0.12467295117180556, 0.12504442841263208, 0.15567957854129588, 0.15293925779203038, 0.22019574779734863, 0.1306266749137346, 0.13336275880753784, 0.22502026006303755, 0.16177636147349372, 0.1465184139565143, 0.16694808470668235, 0.12026682814254266, 0.17534921120808303, 0.1842570025844093],