{"0": {"level 1": [0.3137753180743792, 0.18113219643310083, 0.22455047751395624, 0.3027293051266208, 0.257006397560098, 0.20925082192881492, 0.27765436171018476, 0.26615646788786773, 0.3310458521785274, 0, 0.3322596831098114, 0.24734251579463626, 0.2538252424226703, 0.3788950730962009, 0.3408662029377262, 0.24224460555455146, 0.2614933631984484, 0.3008303822295461, 0.19923816395300553, 0.19130175045381292, 0.14743660215609544, 0.16277376004814148, 0.24982001638255383, 0.18894809829048853, 0.19022074383938986, 0.3290714475070786, 0.2607614384054068, 0.2574334029358901, 0.32939429614569615, 0.18082888364551086], "level 2": [0.3584422437317914, 0.25309532390840067, 0.29967674707772585, 0.3997422742650498, 0.3182893197285352, 0.07910785618815497, 0.14050068909447755, 0.36371167009205907, 0.25800693093356997, 0.3801279841700582, 0.3284005441111081, 0.44913653885953647, 0.21091251083442397, 0.34878084092449757, 0.4625229012922447, 0.18787249467887907, 0.16477934385295168, 0, 0.15231384974916135, 0.2916309859996152, 0.23868859455638902, 0.3447792859536255, 0.3138411475980826, 0.2792885269193664, 0.2566691733151819, 0.17667975711994874, 0.18146438089504302, 0.4147319784647264, 0.3641291783335639, 0.24726502881017481], "level 3": [0.2097436398029704, 0.3368950271071035, 0.4210438254997991, 0.5333463360495164, 0.5178750621674214, 0, 0.3307088908120212, 0.4752085822932232, 0.2853481058055629, 0.4441848614785856, 0.5375911580581175, 0.48247060131928143, 0.46531466305077557, 0.43947895749636645, 0.38253873374584685, 0.43506244162221697, 0.4272598408744498, 0.39746487371815875, 0.4359518002953576, 0.4503428575062967, 0.4382732140864835, 0, 0.24644508553321176, 0.49887400607907495, 0.4153966736185459, 0.3203578800296369, 0.44216669663937125, 0, 0.3265286144344665, 0.39291676725422364]}, "1": {"level 1": [0.6227480979940434, 0.5533717338084272, 0.5049289585382761, 0.526205219137444, 0.4057054562173743, 0.6305780118938553, 1.0, 1.0, 1.0, 0.35362701087185855, 1.0, 0.46167249787853415, 0.800913476150444, 0.640943471411184, 1.0, 0.7772518805509337, 1.0, 0.7881042030921517, 1.0, 0.6174165318261848, 1.0, 0.7699653053279982, 1.0, 0.6902526695427408, 1.0, 0.4876335325762763, 0.627937886732473, 1.0, 0.6563104982226218, 0.5356132127991267], "level 2": [1.0, 1.0, 1.0, 1.0, 1.0, 1.0, 1.0, 1.0, 1.0, 1.0, 0.6106257523271403, 1.0, 1.0, 1.0, 0.5949913946407706, 1.0, 0.5286430688487853, 1.0, 1.0, 0.5949913946407706, 1.0, 0.7003778287879265, 1.0, 1.0, 1.0, 0.7675559330741806, 1.0, 0.7459518581041436, 0.5826989642401618, 0.624418777517488], "level 3": [1.0, 1.0, 1.0, 1.0, 1.0, 1.0, 0.8031640561629836, 1.0, 1.0, 1.0, 0.6663450565609361, 1.0, 1.0, 0.6314815832230263, 0.7528805389423737, 1.0, 1.0, 1.0, 0.7024562423902938, 1.0, 0.6648608369617903, 1.0, 1.0, 1.0, 1.0, 1.0, 0.6958862081108474, 1.0, 1.0, 1.0]}, "2": {"level 1": [0.07014027036952349, 0.09934569177035403, 0.29292118569701864, 0.23918904925835505, 0.23557541393716067, 0.07593114829165076, 0.26148226018846343, 0.07589206906943495, 0.2774064531070043, 0.11030170591819709, 0.14964517439779607, 0.1269615822981092, 0.12882757482393437, 0.2949341021002747, 0.330820469617173, 0.14191068652140143, 0.31892532501697085, 0.25602425369959547, 0.15678634726481208, 0.103636335437192, 0.10266216967649623, 0.10967625001590431, 0.19527250807933674, 0.26489989303493056, 0.2279375158179374, 0.11747686887981254, 0.22923395049407952, 0.13115908694416975, 0.16516420751569938, 0.19163755543501432], "level 2": [0.3170493414430116, 0.24903165793442078, 0.32560695357548664, 0.33276988607720503, 0.2950229025219486, 0.3435366257286049, 0.3296408658968307, 0.26188883477651537, 0.27144715240845263, 0.1474195210715308, 0.29351185914366806, 0.25955820489394144, 0.4033721665879039, 0.11538383772497124, 0.30953432432781547, 0.35920335211534676, 0.2818595527830975, 0.4714912276636047, 0.43812743978362273, 0.34201733635716447, 0.29077552185417166, 0.3250380388174905, 0.28825010812498186, 0.16758390986751215, 0.30807164541878607, 0.12577924323058082, 0.1404376958091862, 0.3199671365904696, 0.1661684285888143, 0.39016523390269897], "level 3": [0.3585503709176534, 0.30024770333813167, 0.3302391808920503, 0.3664891802932492, 0.2819596023886622, 0.28184808549604856, 0.3348295370713834, 0.3953623531628176, 0.3276071986119189, 0.3051800714852704, 0.4252636646438288, 0.29003544395810676, 0.3350991105345009, 0.340536965281742, 0.34552436374025963, 0.3372168650314732, 0.30591084317262285, 0.33680479711862943, 0.4249816978002344, 0.3327096714480088, 0.34616262525794655, 0.24590486011682056, 0.332315312675578, 0.30063240046967044, 0.3089364411045632, 0.25093555815554036, 0.39763820569727387, 0.38795589774382844, 0.33389911190013305, 0.36892749928890095]}, "3": {"level 1": [0.3075121421086061, 0.24285805586360987, 0.28954086163677945, 0.21593422792729328, 0.30043895572102985, 0.4081405927483257, 0.3495028539766583, 0.3853022565672902, 0.4226761182148093, 0.42181797407292904, 0.4321819893751975, 0.3218379591911785, 0.5284818486057516, 0.4287125622569929, 0.24824195341123273, 0.46422947191575437, 0.25938166760894044, 0.4014398748528615, 0.5077171991248501, 0.39934224279815655, 0.2409083470596542, 0.4530246978650106, 0.2009106598357394, 0.2553688182006856, 0.262334789524436, 0.4153634015416876, 0.45004605758996685, 0.25120135243480857, 0.5935126890721564, 0.41650483025351426], "level 2": [0.3955403964773836, 0.3527893051853774, 0.42633991896330936, 0.3888615421428513, 0.40915213770188974, 0.415369506375856, 0.4685037197676881, 0.4430440250787687, 0.585216443266148, 0.5768329766274374, 0.2943866168853082, 0.3905561140559609, 0.3629226002410335, 0.3814455211557848, 0.49474968943075337, 0.5376831002966005, 0.39946099070279667, 0.3558092257405764, 0.3863348285947845, 0.7283630116790778, 0.552887058134038, 0.5345693257110141, 0.4155596259966709, 0.4056983001731219, 0.41241965603362374, 0.3359044180736426, 0.4352072754392391, 0.4431313618972231, 0.4071792317754511, 0.36620264345237574], "level 3": [0.8199227863157805, 0.7397964695556827, 0.8103140759868186, 0.6957378627191313, 0.7964946251528535, 0.9346768075872571, 0.8166148136002168, 1.0, 0.6733566182196937, 0.9396514048154719, 0.7959399422134031, 0.681366516689277, 0.7385715818408616, 0.744333425038535, 0.6643666598945595, 0.7134879746230243, 0.6777799300670336, 0.7367834877492949, 1.0, 0.8483262367177651, 0.8441505438569894, 0.6839094955457197, 0.7558266191673486, 0.6222755831786879, 0.7059108693960543, 0.7739843985277118, 0.7347194617801855, 0.7047045391543177, 0.7752709045474636, 0]}, "4": {"level 1": [0.23275047785434208, 0.26803889009907167, 0.25473130702410723, 0.20814361960079109, 0.27077949747247093, 0.2236346687111385, 0.2843261969493119, 0.12815150086169969, 0.30382740879834413, 0.2642136688387675, 0.25888550994182047, 0.180132467523457, 0.2705048369567672, 0.10599584208826193, 0.2656986639509534, 0.31219696310732326, 0.2580719615987844, 0.11154022811200841, 0.27451056709465554, 0.2003404604400848, 0.16297074348015878, 0.2872784824083208, 0.25978268198313637, 0.23411094505935476, 0.21009926038453852, 0.30168707646668963, 0.29760293522682557, 0.20948205277597853, 0.2036755543169735, 0.11354218667216957], "level 2": [0.35714334510813406, 0.3331620540328697, 0.3574121094160636, 0.2739087083594013, 0.27898563257431774, 0.3797524018454911, 0.39856528065053315, 0.4581402950840637, 0.32001690952238493, 0.3404762716654969, 0.3083165805935633, 0.3582591205886977, 0.3251066542810641, 0.30296542004753985, 0.3681465202881621, 0.39511236891541296, 0.25502572333933765, 0.34470850605255426, 0.3774568899923184, 0.2808058768920875, 0.2661861663291154, 0.33988110564690055, 0.31280744665688753, 0.4137905204936472, 0.29254107238983745, 0.24727536627912028, 0.2978351989780783, 0.37420712417276636, 0.32225466612375664, 0.3049132946969934],