{"0": {"level 1": [0.43275029341764404, 0.35047321701735656, 0.4500771960018066, 0.30917746634290755, 0.3862466872371427, 0.4141266174275222, 0.40229780329023745, 0.22766041148771893, 0.26418102449814806, 0.437967828200602, 0, 0.34298847776940733, 0.45009512991315986, 0.2641850910143027, 0.36960486647554075, 0.4501444778479765, 0.2855128639187036, 0.4589755059212748, 0.34267581163896965, 0.41489767945821, 0.41899385230118047, 0.3557952296349675, 0.45219370357038824, 0.3556199746067548, 0.3860945318735337, 0.4360583120291608, 0.4826326957765581, 0.2662435549112973, 0.2929326071107049, 0.3778054535793948], "level 2": [0.5954849964745721, 0.5588505191691184, 0.5397689481117154, 0.5477776764440625, 0.49192397738598237, 0.39516398143105824, 0.5728220721452533, 0.5127075738482662, 0.48732186265118926, 0.5160920904582662, 0.43255350078117244, 0.5387956647578592, 0.5336105828153568, 0.4995150425551582, 0.3917612361110933, 0.5522998455524673, 0.4561302991928452, 0.5864403414961898, 0.5277707431169788, 0.3962013427268324, 0.4420506883883326, 0.5235153681472847, 0.39031485380538394, 0.5361476663599263, 0.5367072770256625, 0.5796410193789275, 0.4186539253646151, 0.5334123791525595, 0.5385935315646939, 0.45048986445016664], "level 3": [0.5921593308327407, 0.6084973316979718, 0.5168266103079082, 0.5921593308327407, 0.5987261405246375, 1.0, 0.5424632866869377, 0.4803322912972826, 0.5900550220659521, 0.5485988832263453, 0.49499083179912895, 0.591240346616984, 0.5302638856993341, 0.6064115218721928, 0.5721771850120019, 0.5337288474742453, 0.4660232751630036, 0.4941868056543285, 0.5737192524256779, 0.5839124114249419, 0.4178654447884634, 0.48207049222572074, 0.47498116666068596, 0.5605780304959687, 0.5457858530546589, 0.4679999148754924, 0.5502460679460845, 0.5334807918244536, 0.6101328743719123, 0.5697768457663781]}, "1": {"level 1": [0.34908205796271935, 0.19277045719770092, 0.26679994208246977, 0.3928346948710425, 0.29398064465051005, 0.3091031896352452, 0.3314289028124762, 0.5193644236032503, 0.376010843947702, 0.33026909989317765, 0.27155188664758156, 0.19277045719770092, 0.3415513212906983, 0.42069801457003436, 0.4652478236486135, 0.3853382766301403, 0.19277045719770092, 0.28665163564018326, 0.3657758384223997, 0.30196796504289103, 0.36056916202359157, 0.19277045719770092, 0.2992977851762774, 0.41132065428029335, 0.2989861147287505, 0.31796094511586437, 0.19231211419732175, 0.2800036832592869, 0.4009230258012105, 0.29411551292199417], "level 2": [0.46008340817298243, 0.2945554150154126, 0.33800385233276087, 0.5685994255513526, 0.45079676620771025, 0.4310572541430991, 0.37405292628584863, 0.3004953950810491, 0.5503558402075039, 0.5190882587152905, 0.4879294846159498, 0.3668478709471459, 0.34891192729587617, 0.24759628356638347, 0.402169318677843, 0.5019157669733114, 0.19226772329408542, 0.2869954001206295, 0.3244628191828166, 0.4045222561974809, 0.4200882741880567, 0.4538855407871143, 0.3550871716156385, 0.49251072975330984, 0.38296530215960023, 0.5019157669733114, 0.2945554150154126, 0.2991400380527359, 0.3675014233268741, 0.5497633211469719], "level 3": [0.569486079461784, 0.46090105326552655, 0.5705480989908642, 0.5916568895139093, 0.42907944453582314, 0.6267009453737529, 0.5602831195014378, 0.5023431128825906, 0.4901776053420288, 0.4774382012958984, 0.4498583759132192, 0.4845992436127624, 0.3615115420899317, 0.384925901680087, 0.5648387460966111, 0.6274130786719365, 0.47869158616545837, 0.3600563569528671, 0.45195990311250056, 1.0, 0.37537406325965195, 0.45636818348457087, 0.37916868846016544, 0.5865813131031503, 0.3860860021730522, 0.4625402289333679, 0.40419836358175665, 0.4350075460453003, 0.37840163221757483, 1.0]}, "2": {"level 1": [0.26785985700101944, 0.2117723602694001, 0.22137674996800727, 0.22771470936566918, 0.20478162477077347, 0.32637073851147225, 0.21872174933528965, 0.3174804126512929, 0.2230106731217832, 0.21811857853891264, 0.3807490032582158, 0.16936666352748464, 0.2101064291779211, 0.15328714697519652, 0.18869592165783874, 0.25341786093843965, 0.2989609596531365, 0.20485137540782775, 0.18185213654711374, 0.27354243374932824, 0.2305520690727163, 0.15168058032650314, 0.2674970639034402, 0.18666020331126099, 0.2482097086653307, 0.29185330575321555, 0.19735080604254837, 0.23668996307548434, 0.24346255749094725, 0.212197569564251], "level 2": [0.32711850572799195, 0.17674473437823193, 0.2404091666651987, 0.24401544332881447, 0.22566601897692057, 0.3065987711580694, 0.16771979580408058, 0.18151580312745114, 0.17481648365010272, 0.25041794137463746, 0.3120189941855003, 0.17721899216203735, 0.2925730000165482, 0.21804085900431663, 0.24924775961237067, 0.30016166248656506, 0.2634289609373634, 0.2365333724529693, 0.25017211898780434, 0.2535750497986699, 0.2499869094587861, 0.19342771998329972, 0.25976536671195827, 0.19137715693663138, 0.1750220524676662, 0.3374854802971331, 0.2045564520957043, 0.3220371091648435, 0.19210801878624073, 0.24235087775788808], "level 3": [0.27717870758075297, 0.24131763457721106, 0.2092778198290951, 0.27593822050875993, 0.23159975647908315, 0.3323729387154797, 0.19061340448249892, 0.24785748574743438, 0.33654552350410294, 0.23068425637415246, 0.3077720967915302, 0.2653576086336066, 0.24791494968182204, 0.21572298858732547, 0.26675930389133967, 0.28973417453109385, 0.23228122947183477, 0.2709629031966079, 0.23289412468906473, 0.21006164518163123, 0.2780868829848602, 0.28588954972554315, 0.28383609589538783, 0.2273106609559239, 0.33814875546810086, 0.3088577568784796, 0.2509374042237973, 0.23259521502884684, 0.24482420925661869, 0.2600149188320137]}, "3": {"level 1": [0.27153851787358485, 0.20537532270552966, 0.37212900879441174, 0.2515923572030657, 0.24714790859530456, 0.2367048891670006, 0.1990708398450527, 0.3305673702037625, 0.2701693822907959, 0.23598802117783488, 0.1861550916130265, 0.19906600692039905, 0.23926162814269475, 0.25895512889285766, 0.2289254818051711, 0.2982280658659363, 0.21000790589264665, 0.284255478318486, 0.2758991050964486, 0.21162657062425466, 0.2946172403764803, 0.21000790589264665, 0.22669253709902848, 0.2562594268896014, 0.3350161124086287, 0.2509178245323494, 0.19169073134863895, 0.2470097605255989, 0.2758991050964486, 0.2825872114444773], "level 2": [0.27285457020210246, 0.25718854379655365, 0.24970751051697693, 0.23267705922583523, 0.2818130259529358, 0.2931748276251729, 0.17199425680731584, 0.27450492452719033, 0.21419924473668756, 0.21033494268883424, 0.29878493769444514, 0.2696890270164325, 0.26610474408246193, 0.21068408117649232, 0.2818130259529358, 0.28011246055380434, 0.25718854379655365, 0.26697138643207396, 0.19497384223977404, 0.2818130259529358, 0.28362078663099816, 0.14640152514063762, 0.25607675067366376, 0.21858747530503025, 0.21274401956284683, 0.32794777361502947, 0.32174222767348526, 0.26944198847684264, 0.28675898355139084, 0.30295058023933996], "level 3": [0.281057453423687, 0.28253214684129896, 0.20817045326847222, 0.2429737860346367, 0.38442944437909854, 0.38566857736313453, 0.36600091478877833, 0.31755691791108237, 0.33331822437707936, 0.33207341845947447, 0.2523793119675062, 0.2755336914046901, 0.2767185826692429, 0.3122599102998993, 0.34338325914376233, 0.3152818864026584, 0.2716593380152618, 0.2636481491325474, 0.32875089699907767, 0.3541059811075901, 0.24133930053987473, 0.2413041296405236, 0.3442828815262189, 0.2947548449160092, 0.3356208378036477, 0.29029104840810904, 0.12604593964014935, 0.2350726552129646, 0.3539777781916231, 0.3514119216265868]},