{"0": {"level 1": [0.41469791889069324, 0.23618937636925974, 0.2838217714607414, 0.1675967494046549, 0.2827746777306535, 0.41666333571249525, 0.2046126980653724, 0.25953011809107535, 0.2787539521428195, 0.3311424968024727, 0.15119780400107244, 0.23004033277837097, 0.18521965861702838, 0.18592446378003954, 0.23062513465359719, 0.26427822260811584, 0.3238393170155167, 0.25773608861108865, 0.2042770121184879, 0.2632730761947215, 0.12629964997807852, 0.23618937636925974, 0.2703003516635172, 0.2834262513901764, 0.2698226486885331, 0.14026842178427112, 0.2534906025517857, 0.2900292867938813, 0.2787539521428195, 0.3161108352565657], "level 2": [0.4851782706509846, 0.3836001674581836, 0.5354206079044131, 0.4853838276361176, 0.504469879039438, 0.5179831420350928, 0.4821888617376392, 0.49620910691145764, 0.4421559863793401, 1.0, 0.4658548993319755, 0.4095825584709266, 0.46852155636912257, 0.4359981888820954, 0.42585777932886204, 0.5182399356428954, 0.5533265346647013, 0.3116382731499178, 0.30565921865848933, 0.2681438375551946, 0.321665721870539, 0.5326240189521295, 0.5111353985360777, 0.47544352609040846, 0.5053738233993494, 0.46815300387374364, 0.39685219850395986, 0.4715014391829695, 0.5135550268741877, 0.2866985441996062], "level 3": [0.5856063899326225, 0.6575161448253559, 0.7163849207578818, 0.5797855084425751, 0.4741600828401894, 0.7163131732416281, 0.5572982851589727, 0.7153453420868157, 0.7163131732416281, 0.7214649074567121, 0.7163849207578818, 0.5605086729570321, 0.693932727886702, 0.7163849207578818, 0.7163849207578818, 0.7199078540828734, 0.5572766174077339, 0.6968301258538001, 0.4660232751630036, 0.599238701678679, 0.7134085013757306, 0.7134085013757306, 0.6865163558131835, 0.7134085013757306, 0.6030283534837924, 0.7231787426338541, 0.7327451587511211, 0.7007064855705016, 0.7231787426338541, 0.6232525861568599]}, "1": {"level 1": [0.18888067054799276, 0.25566117186032833, 0.17766516781172298, 0.3455288201924086, 0.12996281288454664, 0.38376001402372106, 0.2512845658103381, 0.1738358807567586, 0.23935886238761897, 0.24507819058250108, 0.23225568900483476, 0.24580350553432304, 0.3574046196013402, 0.2571808583930755, 0.18603919518272413, 0.06797392905045452, 0.3931947374315422, 0.14341958748156525, 0.23371160597200524, 0.15525587172054964, 0.37172964283250787, 0.14263141248716754, 0.2744338029502254, 0.11584514562996233, 0.24312542839967347, 0.29817447077147874, 0.06746799291344305, 0.16774190724354202, 0.08022528359971655, 0.12996281288454664], "level 2": [0.36533610345044076, 0.34397085840319686, 0.3784875864146745, 0.29648744754005335, 0.2770099107069881, 0.12879583850682735, 0.2888442525303469, 0.34380631862663924, 0.30536909842631826, 0.3616227057688705, 0.2686488434807529, 0.34824934512216454, 0.4028559962260442, 0.368763044915168, 0.2817688645681418, 0.1303739171762935, 0.3255234018464138, 0.3356008275478859, 0.3059054355289565, 0.14325812372793328, 0.3791755403958216, 0.42642534063482385, 0.2919439501890196, 0.3539857403644691, 0.33264594218532584, 0.33917411414191323, 0.271263281480321, 0.13675751458376414, 0.2662686185405233, 0.33574150713017725], "level 3": [0.3708932970035304, 0.46552901132703417, 0.35210243036903666, 0.3780410625020605, 0.3805545425385709, 0.30632967017312085, 0.4866243503341803, 0.3377747895845557, 0.4509398423153775, 0.47279506477397215, 0.4260143446012625, 0.29950169871860016, 0.39636040084702817, 0.4117846415386707, 0.37554143464125234, 0.4260143446012625, 0.41829472648757626, 0.37108470457298237, 0.41946365655903683, 0.42824992044617105, 0.3801192341902707, 0.31916941560310397, 0.4082075181197964, 0.3129870332295587, 0.3677841795612392, 0.36905296348445993, 0.4214255889586496, 0.39124746731780746, 0.42486250590010766, 0.370937332395616]}, "2": {"level 1": [0.12291854667459515, 0.12030221353532665, 0.20656606001004263, 0.22838034201956517, 0.16079283972484698, 0.23667757907161302, 0.14255888659703092, 0.14372073933661678, 0.3449877681534152, 0.16079283972484698, 0.15194166461620293, 0.12025003873415757, 0.2066261762691317, 0.2160625194095579, 0.28111095813724385, 0.17914495890467597, 0.15126428663170977, 0.12946131359327995, 0.19958964346583974, 0.21200049423880207, 0.1948552261949395, 0.14554910824792272, 0.2249110889848437, 0.25585863149529464, 0.2393373885319262, 0.12291241742239314, 0.156342298970735, 0.15658259913597988, 0.2590422621862213, 0.15597356261641326], "level 2": [0.3375608022020525, 0.18640420936357222, 0.17405756472654638, 0.3265700115181483, 0.23207894759394437, 0.22846127949289688, 0.19995278208876832, 0.23326470239818115, 0.3009638262249408, 0.21613505924138512, 0.2556957884652722, 0.21503918742849568, 0.3217219974093488, 0.29722798527191496, 0.1903942245564496, 0.15114090754344753, 0.23777209579192848, 0.3459941541498962, 0.19823171983549437, 0.26621274888576585, 0.28579148993564607, 0.2684472817603969, 0.15667070930491966, 0.3137379464266844, 0.23759900561955033, 0.3668776019371255, 0.27153914208677093, 0.2638346353276586, 0.33822057943372796, 0.18815875868820675], "level 3": [0.215895976606369, 0.2474486331997512, 0.32251228431115075, 0.20541632911976687, 0.23750326827027934, 0.33077596218676786, 0.3810591773673301, 0.31537100571012255, 0.30374466427243973, 0.3982536757398306, 0.2391976552359319, 0.2802535698748304, 0.28427294063068875, 0.2555323654762114, 0.27743112306187556, 0.19070750442876036, 0.16511132715911625, 0.22859617858913595, 0.3485177325666925, 0.2844928153155049, 0.32936556364620245, 0.3511195484791133, 0.28038869159058755, 0.25288195310464895, 0.34930094122098176, 0.2364100112855492, 0.18878742621358247, 0.3416967036603209, 0.37307369864968704, 0.2056531021634525]}, "3": {"level 1": [0.2296482835861863, 0.2127111875532256, 0.12018993622071764, 0.11709796404564343, 0.2500036058955515, 0.22748698087719058, 0.19808251815837005, 0.1964910631957133, 0.13138765115115789, 0.2018173604470108, 0.1400925244319265, 0.17205051597818, 0.2660957808452912, 0.23771170737523306, 0.1911096910319303, 0.16667615025960503, 0.21509469021161787, 0.2545115586884269, 0.14391181624534544, 0.2620472432545662, 0.20958438157951337, 0.20975836047612673, 0.2028822959924474, 0.1484390643151113, 0.14814742246209514, 0.14402574840917648, 0.12895935990293544, 0.12614173313354804, 0.1777185314676204, 0.19972275607815873], "level 2": [0.22645662701534114, 0.3172885526686604, 0.26397579789807424, 0.20212132101199654, 0.30886980601600866, 0.13822080133838055, 0.15427802852194195, 0.23126454318511663, 0.29044689540890795, 0.25291554687192525, 0.22896517142391704, 0.14474302323894866, 0.2023472185982249, 0.24769167154369592, 0.26903433287291095, 0.2189811625008361, 0.2764178105869018, 0.18523767356963883, 0.22122234589916961, 0.1967866838532406, 0.2510898635235584, 0.15626939038598414, 0.23050983076361364, 0.14158009119859785, 0.28395137162415185, 0.09563602778146328, 0.2707014100679632, 0.15857939743251315, 0.1487887507607763, 0.19822606346457788], "level 3": [0.33408553548084374, 0.36867336069292667, 0.27639050117316616, 0.2745410104273426, 0.3474874968456676, 0.32613618112373166, 0.31943700224599864, 0.28721394779022286, 0.33862317583931534, 0.38560382310742647, 0.3043021331243371, 0.31038197304886544, 0.3478185104685151, 0.30399752337785946, 0.347406411615417, 0.37591805839284487, 0.30125401515989303, 0.3180352093118528, 0.3144948355350015, 0.36972232610136335, 0.2758045123172104, 0.31661458799510495, 0.28297719925617837, 0.3463491559793425, 0.3438265207451673, 0.2908356890377411, 0.3770448325352074, 0.3145672189720651, 0.3015903518401952, 0.3085818951399347]},