{"0": {"level 1": [0.5777473029802164, 0, 0.523990602454942, 0.4383403610037015, 0, 0.30687773178641886, 0.5764485056431883, 0.28208505135676776, 0.45620886881872064, 0.5993753466720398, 0.49219055131554323, 0.44407506183462, 0.28030635928235564, 0, 0.49819269719263337, 0.5173906113840407, 0.255320995858799, 0.5208920352113633, 0, 0.578060114968445, 0, 0.2578796023553927, 0, 0, 0, 0.3036219928502696, 0.5066836431274422, 0, 0.2849350315607631, 0.6291956861420939], "level 2": [0.48516688459820256, 0.31815176833332975, 0.5433066220751573, 0.2960732366959129, 0.2957448570864482, 0.5263214344533671, 0.45171440780089034, 0.3119191935874668, 0.4210275819967503, 0.49168812909343684, 0.5610985691203161, 0.5564970514905832, 0.5130046891154497, 0.27622694115338, 0.5805305263868352, 0.26263410928369213, 0.4546172606037358, 0.2617024315753767, 0.28548464283818875, 0.526913307208666, 0.5353855705373709, 0.5567490704287905, 0, 0.2891843771278441, 0.5896222112819094, 0.5125132550419651, 0.5054849435497786, 0.4902473937909572, 0, 0.5267961117513896], "level 3": [1.0, 1.0, 1.0, 1.0, 1.0, 1.0, 0.49681340201037394, 1.0, 1.0, 1.0, 1.0, 1.0, 1.0, 0.7366021631735006, 1.0, 1.0, 0.4968443799925122, 1.0, 1.0, 1.0, 1.0, 0.4932300216720378, 1.0, 1.0, 1.0, 1.0, 1.0, 1.0, 1.0, 1.0]}, "1": {"level 1": [0.3267011327526561, 0.35892504259679625, 0.4106051875238619, 0.3495709531566697, 0.3326487690923935, 0.3120044137374035, 0.45237964061582775, 0.32380809751927764, 0.20667071870862325, 0.20031812449335434, 0.38621099563966244, 0.35386335524429535, 0.37690765554273387, 0.386929903214822, 0.3099133119796408, 0.3568282730185679, 0.3206058434323873, 0.39250510626868396, 0.27616923119352, 0.27516759791642237, 0.20714574295213015, 0.24353244178822134, 0.19304794613042578, 0.3177745601055608, 0.40514972381707615, 0.3770203334539023, 0.38308613398158814, 0.3601591129180297, 0.21407351901981586, 0.4929058328276377], "level 2": [0.38626194826721716, 0.3014431615201534, 0.22080218516653757, 0.3764497607739034, 0.5078903136660433, 0.23038944918339643, 0.3263588644945078, 0.30737130454828165, 0.38514018570989605, 0.4372572385896461, 0.4424205367930534, 0.3971038809214174, 0.4342782539998903, 0.39701862891608064, 0.4301953122572291, 0.3441344993048808, 0.31225422649871387, 0.4265266856385665, 0.18205647586816245, 0.39147746558964525, 0.2871243208220455, 0.38419977889429646, 0.41193374470044236, 0.3515286192519148, 0.43413391839208626, 0.1892525807036309, 0.3497570841775325, 0.35567345090993396, 0.3050896847760291, 0.28681289003671795], "level 3": [0.20533725604329534, 0.4629636087461231, 0.49762534047513035, 0.5188657837623919, 0.5843033371269384, 0.49398947007874616, 0.49106938214291784, 0.523411530572353, 0.3245109174643152, 0.4275935418764384, 0.2868426498496372, 0.33510491656050123, 0.5046262732969827, 0.5186473837893765, 0.5340638146904995, 0.49681175430489327, 0.526971437086424, 0.49917199088841724, 0.4924956677863591, 0.5317187283258045, 0.4395686446179446, 0.3589507077780273, 0.5572415493106002, 0.2975551940065382, 0.40441163210430703, 0.549762913289213, 0.3641041850381141, 0.3975407362439893, 0.43243515891922646, 0.41533029878941335]}, "2": {"level 1": [0.29182148695554966, 0.15727549839148647, 0.4608281560813982, 0.4146633758575231, 0.4560277636127164, 0.42007817223757715, 0.41727343506943376, 0.6393677534808045, 0.23472509989966436, 0, 0.2312331328919927, 0.33554095322345434, 0.5330654125985239, 0.42785343628729894, 0.27508574916905604, 0.4188322821446405, 0.4714078265995989, 0.1927724206407482, 0.4071969367885018, 0.6334166066233093, 0, 0.3603887169172548, 0.6350736743508856, 0, 0.5347553824493397, 0.5874458985195022, 0.33252451751929135, 0.4506254257596157, 0.5899385570428, 0.19490019340744816], "level 2": [0.548037992888985, 0.9283753629576728, 0.49153394992938676, 1.0, 0.7885102641091835, 0.6017075141333458, 0.6523520918031667, 0.49574951043620946, 0.3938128687271651, 0.644003180622406, 1.0, 0.6716258424903007, 0.5262896872534947, 0.419912227165356, 0.521993670031127, 0.8080904650948435, 0.669666418430223, 0.49503233637376315, 1.0, 1.0, 0.3688342597439437, 0.5365103070250826, 0, 0.5000874151395928, 0.6737568641779116, 0.6647019860165615, 0.3774804567104646, 0.5493948031827978, 0.6389082459894958, 0.4760713377208244], "level 3": [1.0, 1.0, 1.0, 1.0, 1.0, 1.0, 0.42329876608112504, 1.0, 1.0, 1.0, 1.0, 1.0, 1.0, 1.0, 1.0, 0.5521682125305656, 0.45480775052950106, 1.0, 0.7602823899930863, 0.6219324872530005, 1.0, 1.0, 1.0, 1.0, 1.0, 1.0, 0.558493074726361, 1.0, 1.0, 1.0]}, "3": {"level 1": [0.5402123666734032, 0, 0, 0, 0, 0.5383416383620857, 0, 0, 0, 0, 0.42846147230927323, 0.42970127646110956, 0.43733807232681143, 0, 0, 0, 0.4350982492535154, 1.0, 0, 0, 0.5404552904070964, 0, 0.6308861975853177, 0, 0, 0.4379836510483315, 0, 0, 0.4379836510483315, 0.4388052547603407], "level 2": [0.6262440400402265, 0.6197938660398976, 0.8855091598273992, 0.8850393643307392, 0.8112518850602417, 0.9839623607306048, 1.0, 0.9885054037441804, 1.0, 0.9650291962259928, 0.8931132797482461, 0.8869086583648534, 0.88416502505549, 0.6330455402689023, 0.6277232193283664, 0.9070665099461911, 0.9070665099461911, 0.8960532652132303, 0.9070665099461911, 0.7501558599263951, 0.6358949503922219, 0.8845965729587324, 0.6398071744895726, 0.5391449454825086, 0.7009554470031669, 0.7862085471489113, 0.6241445985897804, 0.8974744503879425, 0.43859047847206933, 0.7366644531329067], "level 3": [0.6994178342981008, 0.6999622328218484, 0.4312099965012727, 0.5559937451804562, 0.8900226818140957, 0.4379480105818482, 0.7647024894891024, 1.0, 1.0, 0.44651672393035147, 0.44609965802553664, 0.45647427283746606, 0.8356533393945405, 0.45647427283746606, 0, 0, 0.4618420049249374, 0.4618420049249374, 0, 0, 0.46221382884744516, 0, 0.462701609436833, 0.462701609436833, 0, 1.0, 1.0, 1.0, 1.0, 1.0]}, "4": {"level 1": [0, 0, 0, 0, 0, 0.3483203274709844, 0, 0.5638307462936298, 0, 0.5479399342841906, 0, 0.5511924996162034, 0.4197794650376744, 0.56312153348601, 0, 0, 0.5429330435406996, 0.5675234433815415, 0, 0.5403900567877837, 0, 0, 0.3492599298265114, 0, 0.5706462781613096, 0.571108308941616, 0, 0.5988048855473178, 0, 0.3703805514455818], "level 2": [0.606681494655446, 0.6009083072575327, 0.6258884832019607, 1.0, 0.674894000970958, 0.5533988028178349, 0.36514975550158774, 0.5784841881230036, 0.5796835199526111, 0.6920457815660036, 0.5535038094037162, 0.5283692195785716, 0.3870223641245554, 1.0, 0.5815288116394844, 0, 0, 0.436889086873048, 0.6259669946444013, 0, 0.606681494655446, 0.5479619839446619, 0.5508096964762241, 0.5981852806022135, 0.674894000970958, 0.5471482442650748, 0.5915552570493212, 0.6166140160335546, 0.6589074665664282, 0.8576090965699613], "level 3": [1.0, 1.0, 0.6330162729536367, 0.6673684514701568, 1.0, 1.0, 1.0, 1.0, 0.6350077130084, 0.7079596304655129, 0.5432505586414542, 1.0, 1.0, 1.0, 1.0, 1.0, 0.7009022888998129, 0.6603240737522549, 0.7714710636871279, 1.0, 0.6810142215066206, 0.3824739675534811, 1.0, 1.0, 0, 1.0, 1.0, 1.0, 1.0, 1.0]}}