{"0": {"level 1": [0.22647567909812016, 0.3626354555257947, 0.6033133264315883, 0.5250529906112731, 0.5482656479091339, 0.5465048596790641, 0.3626354555257947, 0.5508130994701473, 0.5250529906112731, 0.5483348867345341, 0.5251578441250875, 0.3626354555257947, 0.5767056362043823, 0.5250529906112731, 0.4195900755450544, 0.21432738850764183, 0.3626354555257947, 0.41404469226994933, 0.5250529906112731, 0.4179667441384894, 0.5464467575961682, 0.3625377837818134, 0.5468192501939286, 0.5250529906112731, 0.4195900755450544, 0.5465048596790641, 0.3626354555257947, 0.41911713934724737, 0.5250529906112731, 0.5483348867345341], "level 2": [0.46505045657765937, 0.44409075802356884, 1.0, 0.4907201953033414, 0.4907201953033414, 0.4142531614665397, 0.520189831493971, 0.5042111574996923, 0.2508770141179483, 0.44286186349622503, 0.2645009790389409, 0.38628784056049204, 0.2729746808846343, 0.44753224437529204, 0.4907201953033414, 0.49923235174816916, 0.3626354555257947, 0.6041102007016049, 0.5250529906112731, 0.3875984165588403, 0.44409075802356884, 0.3628857299399774, 0.4348291952379872, 0.443261395057317, 0.4570715019027145, 0.44753224437529204, 0.44409075802356884, 0.4902473937909572, 0.44753224437529204, 0.4570715019027145], "level 3": [1.0, 1.0, 1.0, 1.0, 1.0, 1.0, 1.0, 1.0, 1.0, 1.0, 1.0, 1.0, 1.0, 1.0, 1.0, 1.0, 1.0, 1.0, 1.0, 1.0, 1.0, 1.0, 1.0, 1.0, 1.0, 1.0, 1.0, 1.0, 1.0, 1.0]}, "1": {"level 1": [0.4006337732874451, 0.4238222995469724, 0.322302704887899, 0.39437369158433017, 0.517164424110441, 0.42250125704348923, 0.5135179335887091, 0.5726644609982504, 0.3914754643183397, 0.5475808382751728, 0.5406032879580323, 0.4480720635704975, 0.37146094570692073, 0.4239743113630627, 0.5845764758872969, 0.5406032879580323, 0.5882727903316922, 0.5665148769189045, 0.5351792818244465, 0.57777967531502, 0.5406032879580323, 0.5891334382671147, 0.39380291443596016, 0.31385259675569616, 0.50917166420829, 0.4720221486749279, 0.44909605516059914, 0.376660561890506, 0.41829291639368354, 0.5770274286533303], "level 2": [0.6266088193058105, 0.33208672746393997, 0.46902519661349573, 0.47942410503270183, 0.5394251126708174, 0.5488994503260143, 0.6197466621096102, 0.516838308192622, 0.41834687382973723, 0.47177224179077815, 0.5925682767683059, 0.5799448386769401, 0.47469043118316445, 0.32938495421755887, 0.3921340457523401, 0.5488994503260143, 0.6003615767741908, 0.42742814575386273, 0.3959128301249317, 0.4718241244738328, 0.57586866573261, 0.3133854580148207, 0.3079454416908291, 0.32408444032057315, 0.4873904846549585, 0.5692419018721693, 0.5540746456311838, 0.5120216728775497, 0.5505977333547201, 0.484471000036396], "level 3": [0.6331576324617472, 0.6007974533854603, 0.5691740703030056, 0.4755690725767602, 0.6377681724379993, 0.5872488689876973, 0.55616676118037, 0.5572948834201829, 0.5052173543570503, 0.626680179943776, 0.49653248440871567, 0.6050048585969213, 0.2538382545316526, 0.5342066555041575, 0.38470346078122203, 0.497924087720905, 0.5484249628190161, 0.5431027048604624, 0.5538260204375429, 0.5482844465143308, 0.48300887976973106, 0.5383110469613204, 0.5086368416524298, 0.45396031865870445, 0.5880578704635784, 0.5805099899900372, 0.5296583797861207, 0.4535654161814213, 0.6089648632239716, 0.539448918993108]}, "2": {"level 1": [0.4200668542627999, 0.2779861059461031, 0.48235887595400373, 0.5861452203908909, 0.5861452203908909, 0.5828271631749424, 0.2779861059461031, 0.644244176621031, 0.5861452203908909, 0.5303634195859979, 0.5861452203908909, 0.2779861059461031, 0.642694987922312, 0.5861452203908909, 0.3364061639116071, 0.6503996829845002, 0.2799972997674078, 0.6348723576456066, 0.5861452203908909, 0.5828271631749424, 0.4200668542627999, 0.2779861059461031, 0.6405681311573713, 0.5861452203908909, 0.5828271631749424, 0.5255087277512149, 0.2779861059461031, 0.6397867184483387, 0.5861452203908909, 0.5861452203908909], "level 2": [0.7811894652739724, 0.5980667081488059, 0.8414696680311788, 1.0, 0.8142573931065811, 0.6866425282718114, 0.3485906128915648, 0.5532909888463453, 0.5861452203908909, 0.5861452203908909, 0.6670458994151123, 0.671597935575404, 0.886097539222105, 0.5861452203908909, 1.0, 0.6490250393550547, 0.4217820608505739, 0.6822558277682171, 0.5861452203908909, 0.5861452203908909, 0.6474438161835951, 0.3485906128915648, 0.6479386385294456, 0.5861452203908909, 0.41603153422771577, 0.6503996829845002, 0.645151798187302, 0.645151798187302, 0.5861452203908909, 0.5861452203908909], "level 3": [1.0, 1.0, 1.0, 1.0, 1.0, 1.0, 1.0, 1.0, 1.0, 1.0, 1.0, 1.0, 1.0, 0.5861452203908909, 1.0, 0.50613657951216, 1.0, 1.0, 1.0, 1.0, 1.0, 1.0, 1.0, 1.0, 1.0, 0.7533050615817475, 1.0, 0.7717646095383801, 1.0, 1.0]}, "3": {"level 1": [0.361613837301494, 0, 0, 0.361613837301494, 0, 0.361613837301494, 0, 0, 0.361613837301494, 0, 0.361613837301494, 0, 0, 0.361613837301494, 0, 0.361613837301494, 0, 0.43144937119604065, 0.361613837301494, 0, 0.361613837301494, 0, 0, 0.361613837301494, 0, 0.361613837301494, 0.361613837301494, 0.664703248893522, 0.361613837301494, 1.0], "level 2": [0.6498353799312839, 0.8112518850602417, 0.7229493665655692, 0.8107684771781842, 0.8112518850602417, 0.8112518850602417, 0.8112518850602417, 0.9839623607306048, 0.8107684771781842, 1.0, 0.6498353799312839, 0.8131455986943266, 0.8926243146256729, 0.5948610995422041, 0.6548494212494664, 0.8131455986943266, 0.8131455986943266, 1.0, 0.8107684771781842, 1.0, 0.361613837301494, 0.8131455986943266, 0.4397892830691732, 0.3617640218372993, 1.0, 0.46129392500540334, 0.4332109628899135, 0.4332109628899135, 0.361613837301494, 0], "level 3": [0.8128453295661635, 0.8128247282428018, 0.7321946344254381, 0.8128453295661635, 0.8128453295661635, 0.3645584917391612, 0.3645584917391612, 0, 0.3645584917391612, 0, 1.0, 1.0, 1.0, 0.3645584917391612, 1.0, 0, 1.0, 1.0, 0.3645584917391612, 0, 1.0, 1.0, 1.0, 0.36408419202959363, 1.0, 1.0, 1.0, 1.0, 1.0, 1.0]}, "4": {"level 1": [0.3024128135410453, 0.5007527852327548, 0.5337224825708182, 0.4927998032477115, 0.5220840521053549, 0.3024128135410453, 0.5033216601195458, 0.5429944857677765, 0.4927998032477115, 0.5220840521053549, 0.3024128135410453, 0.5029294117215288, 0.5468844054874364, 0.4927998032477115, 0.5280813439973521, 0.3024128135410453, 0.5030040187629081, 0.34162723336669165, 0.3262780524057381, 0.5220840521053549, 0.3024128135410453, 0.5058903168047297, 0.6029774289571878, 0.3294908275939079, 0.32582347399734113, 0.3024128135410453, 0.5058903168047297, 0.5449521208392051, 0.4927998032477115, 0.5220840521053549], "level 2": [0.7327221330749112, 0.5284277429589014, 0.5455996798344553, 0.3294908275939079, 0.7314713808655917, 0.305961415829202, 0.5033216601195458, 0.5886779822560941, 0.3294908275939079, 0.3293212754769006, 0.2991359720180951, 0.5205419180718548, 0.6467419736677364, 0.3294908275939079, 0.5306904305470317, 0.3674572548455619, 0.5033216601195458, 0.3558199642966212, 0.3294908275939079, 0.5280813439973521, 0.5454623744961907, 0.5033216601195458, 0.5443391478306158, 0.5076174081913363, 0.305961415829202, 0.2991359720180951, 0.5033216601195458, 0.3492854155158734, 0.3294908275939079, 0.3293212754769006], "level 3": [1.0, 1.0, 1.0, 1.0, 0.6496645625324887, 0.46438038724502, 0.508024108572763, 0.6928357141289152, 1.0, 1.0, 1.0, 0.508024108572763, 1.0, 1.0, 1.0, 1.0, 0.5064951677844912, 1.0, 1.0, 1.0, 1.0, 1.0, 1.0, 1.0, 1.0, 1.0, 1.0, 1.0, 1.0, 1.0]}}