{"0": {"level 1": [0.4513907884038724, 0.36561518401262205, 0.26277586755075266, 0.2799886034400909, 0.5523392406723487, 0.26405617783853796, 0.41471108136060997, 0.5543217111685766, 0.2799886034400909, 0.44130523645138353, 0.44841045825262404, 0.41471108136060997, 0.5744296556845867, 0.2799886034400909, 0.5495444027112046, 0.5009147485814842, 0.3882814791071111, 0.30559229077332295, 0.2799886034400909, 0.4714025381697617, 0.4991060437610888, 0.41471108136060997, 0.5500552674212108, 0.2799886034400909, 0.40864921284606526, 0.5277960879647129, 0.3882814791071111, 0.2908185815315415, 0.2799886034400909, 0.4455155612261943], "level 2": [0.44299982754154343, 0.36561518401262205, 0.5751782916772696, 0.3343944512856896, 0.4443416754463716, 0.478362942126326, 0.3887344582834568, 0.36511670281740505, 0.2799886034400909, 0.4450036288057212, 0.4831949905985496, 0.5235820624533245, 0.5311670531013926, 0.5444737726687724, 0.4443416754463716, 0.49900751641996904, 0.3887344582834568, 0.4190751455679063, 0.35420477635217223, 0.4443416754463716, 0.4570715019027145, 0.41471108136060997, 0.4255047425398381, 0.46986294123581024, 0.4443416754463716, 0.4902473937909572, 0.5235820624533245, 0.4489106093656018, 0.45363520605000535, 0.4570715019027145], "level 3": [1.0, 1.0, 1.0, 1.0, 1.0, 1.0, 1.0, 1.0, 1.0, 1.0, 1.0, 1.0, 1.0, 1.0, 1.0, 1.0, 1.0, 1.0, 1.0, 1.0, 1.0, 1.0, 1.0, 1.0, 1.0, 1.0, 0.41329446724231433, 1.0, 1.0, 1.0]}, "1": {"level 1": [0.40057855643037654, 0.2297220987136903, 0.566189379788842, 0.45309048075358926, 0.521994645907369, 0.3369346404764325, 0.3067374686287959, 0.2582750518948831, 0.3345476187176069, 0.5148472858935816, 0.4062479542026124, 0.30679441003878216, 0.533457304165052, 0.46283586196647, 0.4956193075048481, 0.5266129160050743, 0.27366649494896567, 0.3634522778844109, 0.3028267713937453, 0.4629418229209536, 0.4284126861677288, 0.29622536883648987, 0.43284961718898224, 0.3241718048358604, 0.4527159297015255, 0.41891735910006367, 0.32656806015077255, 0.5404624653227994, 0.49625138998858176, 0.4318616038164228], "level 2": [0.28401691986423094, 0.42110576409647904, 0.5062478842632699, 0.27590280705395454, 0.5428183949430267, 0.2842156699256751, 0.3453013343812972, 0.5399229759232418, 0.27648605720347535, 0.45516365054086305, 0.28416081512378916, 0.5446661390562201, 0.547974714373568, 0.3312413427692845, 0.47839190739317405, 0.3257484988755278, 0.46427682710122675, 0.5771830365669908, 0.5876848131018872, 0.45516415475365674, 0.28658454173200887, 0.36954093978335417, 0.4242037023629775, 0.2739018547819829, 0.45516415475365674, 0.2838900591784118, 0.33388429755359395, 0.5169348363824773, 0.5061345913321875, 0.45516365054086305], "level 3": [0.5152253970659715, 0.3075920951294927, 0.46844749824089854, 0.25858696759232747, 0.5501028923205393, 0.5151120630360515, 0.3299350074775147, 0.5666662406646538, 0.2606297630781196, 0.5714971826081697, 0.28366518438176225, 0.3075920951294927, 0.24519009534428066, 0.3461732029794089, 0.4210274335267937, 0.5152421578755643, 0.313505753711708, 0.5481525450940368, 0.5434494773101912, 0.548791893050809, 0.28543948404969033, 0.5279464604644994, 0.49386656646814886, 0.2879380406732013, 0.42084888470989035, 0.5329240118975986, 0.27669616503486083, 0.3654653144758392, 0.29153723098024453, 0.4598459775457623]}, "2": {"level 1": [0.4782013944061608, 0.4636774072747186, 0.5987427958595658, 0.5861452203908909, 0.4861563876882963, 0.5308384928404758, 0.4636774072747186, 0.5133199171789198, 0.5861452203908909, 0.488031818163406, 0.31888610380067034, 0.5360012323052378, 0.5518931942863088, 0.49094280391913214, 0.35846195934966335, 0.31541962141607394, 0.4636774072747186, 0.4753913205167608, 0.5861452203908909, 0.5312202105657574, 0.4782013944061608, 0.4636774072747186, 0.6334290699453141, 0.5861452203908909, 0.5456699145982765, 0.4782013944061608, 0.38286343921272015, 0.6467747117433693, 0.5861452203908909, 0.3645190457479693], "level 2": [1.0, 0.7437792010321558, 0.7439826692240076, 1.0, 1.0, 0.413446594452033, 0.40891032446309405, 0.5532943846591238, 0.4930051975196952, 0.4895456016436917, 0.5518779802845784, 0.6435289667325925, 0.5784002504469297, 0.5861452203908909, 0.8142573931065811, 0.5488698944501316, 0.6308193939586296, 0.6498855175101846, 0.5861452203908909, 0.4861563876882963, 0.3766029862959311, 0.2801363842121332, 0.5723525996268677, 0.5861452203908909, 0.488031818163406, 0.6507454282893376, 0.4590897137311666, 0.645151798187302, 0.5861452203908909, 0.5861452203908909], "level 3": [1.0, 1.0, 0.7794865096670457, 0.42397102806835835, 1.0, 0.8615066186866501, 1.0, 0.6805557985723631, 0.5424630486105824, 1.0, 0.5494406691068942, 0.5264408700371036, 1.0, 0.5861452203908909, 1.0, 0.5861452203908909, 1.0, 0.765102465520326, 1.0, 1.0, 1.0, 1.0, 0.47215088088005497, 0.5861452203908909, 1.0, 0.7802149043427614, 0.5998434668037316, 0.7794161501587018, 0.4930051975196952, 1.0]}, "3": {"level 1": [0.434286716940554, 0.4322799862092298, 0.4366782347843806, 0.3645584917391612, 0.46754738023424647, 0.361613837301494, 0.4348697120145769, 0.5370255415928004, 0.36476149796508117, 0.46754738023424647, 0.361613837301494, 0.6382495059082525, 0.4313578827923975, 0.36476149796508117, 0.46740971308164025, 0.361613837301494, 0.42979990910454546, 0.43144937119604065, 0.3645584917391612, 0.46754738023424647, 0.361613837301494, 0.43854592938524717, 0.43854592938524717, 0.3645584917391612, 0.46754738023424647, 0.361613837301494, 0.4379836510483315, 0.6692554037311038, 0.3645584917391612, 0.46754738023424647], "level 2": [0.8890654665696429, 0.6498353799312839, 1.0, 0.39284163248124127, 1.0, 0.827573062741464, 0.6506500081214164, 0.8218392091569529, 1.0, 0.6548494212494664, 0.47269588498698434, 0.622978676158652, 1.0, 1.0, 1.0, 0.7365496810471223, 0.6504557680799627, 1.0, 0.8131455986943266, 1.0, 1.0, 0.6506500081214164, 0.43978526070394575, 0.36476149796508117, 0.6548494212494664, 0.6576981596904596, 0.5310775055947771, 1.0, 0.3645584917391612, 0.4249270466868169], "level 3": [1.0, 1.0, 0.7283026580940812, 0.6810613079664158, 1.0, 0.3645584917391612, 1.0, 0.8365729893300591, 0.3645584917391612, 1.0, 1.0, 1.0, 1.0, 0.36385620578038796, 0.3599696245080507, 0, 0.5729540079859543, 1.0, 0.3645584917391612, 0.3286675347918924, 0.4129763590227472, 0.3638299961253688, 0.45903796562225363, 0.3645584917391612, 1.0, 1.0, 1.0, 1.0, 0.626504994248396, 0.5596361424914457]}, "4": {"level 1": [0.5385558239132328, 0.4994470427213566, 0.5346929713679377, 0.507740292707015, 0.537252348273551, 0.5751137368745808, 0.5072323841395064, 0.5540370236945242, 0.507740292707015, 0.5649859486773539, 0.34686464929486605, 0.5072323841395064, 0.5725559616034096, 0.507740292707015, 0.5536266495645361, 0.3662190044523551, 0.5037104810017184, 0.5438987419093504, 0.37945503670727465, 0.534118417942932, 0.3382091196436543, 0.5072323841395064, 0.538946438118451, 1.0, 0.37117378763869496, 0.5638249498272083, 0.5266100392207184, 0.5627571593878546, 1.0, 0.5386401933939344], "level 2": [0.7348229813896446, 0.527553425629399, 0.5529063072948861, 1.0, 0.305961415829202, 0.5495174644120933, 0.5291116116353539, 0.3651733603626468, 1.0, 0.5388910143911344, 1.0, 0.527553425629399, 0.8616513855310184, 1.0, 0.5461997347484138, 0.3674572548455619, 0.5072323841395064, 0.3558199642966212, 1.0, 0.4077835613018612, 0.636440990311049, 0.5284277429589014, 1.0, 1.0, 0.305961415829202, 0.5384007525559245, 0.5284277429589014, 0.42545963974896445, 1.0, 0.560614367428691], "level 3": [1.0, 1.0, 1.0, 1.0, 1.0, 1.0, 1.0, 0.6928357141289152, 0.4807746659423766, 1.0, 1.0, 0.5064951677844912, 1.0, 1.0, 1.0, 1.0, 1.0, 1.0, 1.0, 1.0, 0.8841412088478049, 1.0, 1.0, 0.42111596092588127, 1.0, 1.0, 1.0, 1.0, 0.42111596092588127, 1.0]}}