{"0": {"level 1": [0.4624107924843429, 0.32465408479038504, 0.30497268957960477, 0.3058929691555582, 0.2279230002976001, 0.3043578916407388, 0.4546254971735608, 0.37606438293536704, 0.3916077405153028, 0.33394323247561386, 0.4067646263607977, 0.3240203086272238, 0.20366470597067227, 0.3007448599636728, 0.26598637814003545, 0, 0.2570531950383464, 0.3059757699140957, 0.2292998552331209, 0.3584515672418723, 0.3968392439921532, 0.2570531950383464, 0.45541329404634434, 0.23009155469729242, 0.3297265683393724, 0.2567577234992128, 0.32468664568717676, 0.3391146482498653, 0, 0.4043190167006939], "level 2": [0.5733878455401843, 0.5009013356279088, 0.5050438737556764, 0.5263023735911427, 0.5752873913431755, 0.45022946701098665, 0.601137313876773, 0.5610100504220414, 0.5725809734132403, 0.5300463357650657, 0.5592291661006006, 0.551823895327706, 0.5737874497252733, 1.0, 1.0, 0.5589171312310114, 0.5664643010423321, 0.5773376464860625, 0.5589171312310114, 0.5416957877939701, 0.51341859867986, 0.5507235492912044, 0.5105623539635405, 0.5067567437049345, 0.5181455546652092, 0.5582143763161704, 0.5582143763161704, 0.567051822742899, 1.0, 0.5582143763161704], "level 3": [0.45498769064358263, 0.589859557291334, 0.4741600828401894, 0.589859557291334, 0.4386583402389005, 0.4709348683345953, 0.5888231322150247, 0.5888231322150247, 0.4709348683345953, 0.4714575976457982, 0.5934362209487515, 0.5185653204537877, 0.5556603880234798, 0.5185653204537877, 0.48891659099226026, 0.4649391674826806, 0.5666303537150732, 0.4767273200345008, 0.5823362557125263, 0.4554153579588711, 0.5648749674571262, 0.5560234714320939, 0.5648749674571262, 0.49296939409556734, 0.571523688484559, 0.5929216216893302, 0.5929216216893302, 0.5929216216893302, 0.503077175565588, 0.5729364527013978]}, "1": {"level 1": [0.39414435070856507, 0.4403368383619592, 0.37960326540255085, 0.38124992813567193, 0.34881483750054504, 0.34444562335906687, 0.3261669503002661, 0.34519473021396574, 0.4234372889763388, 0.3648911713087102, 0.41913556546268926, 0.36533922552056164, 0.376179479589381, 0.3805029505237495, 0.3352975723514893, 0.3962910614221856, 0.41860472984561525, 0.3751401200972434, 0.36533922552056164, 0.3956155835062831, 0.3371821369107175, 0.3739847722789826, 0.43566268908256744, 0.3770161641062337, 0.3691339616075786, 0.3165327714500207, 0.3108227466483653, 0.31344769240487336, 0.3324754939041774, 0.3332226002394546], "level 2": [0.31094263800542493, 0.3739082810124333, 0.5682006127577955, 0.37981195621589914, 0.38870465895789247, 0.3588955504737585, 0.37076303431064167, 0.4803928741663316, 0.40856332261456046, 0.3752630047200982, 0.48341374061767817, 0.4159325911317089, 0.6072183746807461, 0.595399110639324, 0.595399110639324, 0.4185815994043297, 0.3131133495619899, 0.32269028083963636, 0.32078770511026533, 0.5931094702097587, 0.298533120403361, 0.36434924421731824, 0.4463213376358761, 0.2909695148491898, 0.35923643387756204, 0.37076303431064167, 0.37076303431064167, 0.31045431669839635, 0.48763954406156096, 0.5061281459305536], "level 3": [0.49061971482965316, 0.5288424950396562, 0.5683858965610584, 0.4660595916282728, 0.4236880027093032, 1.0, 0.4915302369048319, 0.5263030946248797, 1.0, 0.4071891800345523, 1.0, 0.4012309252610855, 0.3942720562391082, 0.5222406443630565, 0.493181939201949, 1.0, 0.587478648409037, 1.0, 1.0, 0.540968946710447, 0.512334024102339, 0.431795722908609, 0.5193222875885, 0.5193093110599089, 0.4749980968605331, 1.0, 0.581925246480246, 0.5385578966821273, 0.5387958787357465, 0.4559646538722192]}, "2": {"level 1": [0.2191540665767019, 0.18091629026606826, 0.2202979809417163, 0.2983515204630272, 0.18092627634496228, 0.22821681570699134, 0.21794220259636468, 0.21305328838245768, 0.24665409413207548, 0.24569329573911242, 0.18022731597010755, 0.24293784873811378, 0.12828825403758992, 0.20922358423069146, 0.23081247283879433, 0.2381310365685192, 0.21444839488864004, 0.23416857663559412, 0.24730291647353103, 0.18782106178820904, 0.21219534648303814, 0.18942662416711353, 0.1877279522398805, 0.23668422995594446, 0.21179503988683226, 0, 0.24288986133471122, 0.2165147854914324, 0, 0.2304100530753537], "level 2": [0.24731670257881927, 0.19967608509073131, 0.20837285968243296, 0.18290733229602174, 0.23454212721540743, 0.17248854303382116, 0.19340869110672937, 0.2402081627477993, 0.19730900792152167, 0.21940075935621717, 0.22073755185470276, 0.2050870632901441, 0.22609270645669996, 0.29950109576198025, 0.27711443257299817, 0.2159442030293586, 0.22750963211869435, 0.2263831365346446, 0.2606726393200735, 0.16057013754576893, 0.24603540928883524, 0.20909269700071548, 0.2814278160831185, 0.16087371318117105, 0.2688508917460005, 0.1838045356925716, 0.19945414544406442, 0.22053321718552946, 0.3249714051389917, 0.19895458581122233], "level 3": [0.25347842080750793, 0.2751265328317437, 0.26221723009231857, 0.21617940035457886, 0.26206386031997453, 0.21841757279244245, 0.2183794396109402, 0.24563573226603092, 0.24646479461404103, 0.2942062259892229, 0.21435171669204106, 0.20864968820561514, 0.25196597316043573, 0.22699173031534345, 0.19292221251496028, 0.24270790800966754, 0.2632452441643576, 0.25899893907525995, 0.2390317291857216, 0.27261816835436714, 0.31314163140690643, 0.18935511005720784, 0.2295949325774881, 0.20222166848795925, 0.2906277885403016, 0.2135355205442902, 0.20040440135577142, 0.2537284269951037, 0.2564612516167486, 0.2778982473825762]}, "3": {"level 1": [0.18636099491651464, 0.20277668150723724, 0.18646625427001468, 0.18636099491651464, 0.20240740592725467, 0.18636099491651464, 0.19529766202123996, 0.21245755260963234, 0.18636099491651464, 0.18951302941381012, 0.13308757375825025, 0.19239218019594062, 0.20134699742827042, 0.273408677289421, 0.19843247050858373, 0.18636099491651464, 0.20277668150723724, 0.13829391543243524, 0.22877714431399984, 0.1917665571105485, 0.18636099491651464, 0.18636099491651464, 0.210003033217164, 0.18951302941381012, 0.19239218019594062, 0.18636099491651464, 0.19779596515492182, 0.18947162036337906, 0.18636099491651464, 0.19136288228210852], "level 2": [0.24543348571222118, 0.24544776958299647, 0.254901978361458, 0.2663038972045643, 0.251837700085187, 0.3098003503248439, 0.2363632576281972, 0.34043693098727207, 0.21645621821172165, 0.26103658915349015, 0.3001468150417364, 0.254863898329655, 0.3033153212447813, 0.2472702005047317, 0.26276389350357754, 0.25990677244045324, 0.254901978361458, 0.32857504708326357, 0.25990185424365375, 0.26103658915349015, 0.2593813879824922, 0.33580380039872426, 0.31918110170491965, 0.2749433076664989, 0.30990802963786, 0.2638004236146087, 0.272097856368142, 0.279313952768102, 0.27237156139364405, 0.31973161801394834], "level 3": [0.4290257313371611, 0.4077268674570874, 0.34324410874690503, 0.3801885469610768, 0.36210670892047875, 0.3900943038448418, 0.40020129825558826, 0.37582798889313357, 0.3531985592574574, 0.34898814485656615, 0.3817987420088002, 0.3708839917588188, 0.3874453360842418, 0.37945513263921893, 0.3696433919244034, 0.3694892939293848, 0.3373578506725824, 0.37784983418732365, 0.3659605782316088, 0.3495729710802684, 0.34811364399820444, 0.44341839377089737, 0.3695718162511671, 0.3246105401667685, 0.35246662135721785, 0.36074682975532485, 0.3527961774996776, 0.3407076895909906, 0.34375485207153206, 0.3602088726229818]}, "4": {"level 1": [0.5124783256173895, 0.508774451325652, 0.5933170268694306, 0.6142277969845753, 0.6628391981931382, 0.5582452568917564, 0.6642912153946638, 0.5557995003103106, 0.5933170268694306, 0.6642912153946638, 0.5941426714679072, 0.5586828207755331, 0.6812246583881751, 0.6819386202851483, 0.5941426714679072, 0.6793728471813241, 0.5933170268694306, 0.5933170268694306, 0.5763648936901294, 0.6142277969845753, 0.6628391981931382, 0.5831870937281222, 0.6642912153946638, 0.6793728471813241, 0.6642912153946638, 0.6142277969845753, 0.7010016395128614, 0.6165973057747904, 0.5933170268694306, 0.6812246583881751],