{"0": {"level 1": [0, 0.4195900755450544, 0, 0.256459191675385, 0.2578483362625707, 0.2578483362625707, 0.7896201096003044, 0, 0.46886463964285324, 0.256459191675385, 0, 0.2799886034400909, 0.256459191675385, 0.256459191675385, 0.22948291949315042, 0.38979252500871836, 0.42016954696204434, 0, 0.5218462305889925, 0.2584769531722613, 0.44403844324085207, 0, 0, 0.3035180152047968, 0.38979252500871836, 0.2799886034400909, 0.22948291949315042, 0.2578483362625707, 0.22948291949315042, 0.22948291949315042], "level 2": [0.2921755503814248, 0.7425612860708926, 0.29896785088452044, 0.3009871200784843, 0.7425612860708926, 0.5265562455871418, 0.445571848191563, 0.4456554473012837, 0.5238233209607569, 0.4389095305785536, 0, 0, 0.22948291949315042, 0, 0.4431248607802635, 0.3626354555257947, 0.4431248607802635, 0.6015011680066253, 0.5265562455871418, 0.36475511530082194, 0.6953528922064501, 0.6972457483113014, 0.7457013174262275, 0.6972457483113014, 0.7425612860708926, 0.29896785088452044, 0.2584769531722613, 0.4431248607802635, 0.4431248607802635, 0.7659411275005678], "level 3": [1.0, 1.0, 1.0, 1.0, 1.0, 1.0, 1.0, 1.0, 1.0, 1.0, 1.0, 1.0, 1.0, 0.563103759326286, 1.0, 1.0, 1.0, 1.0, 1.0, 1.0, 1.0, 1.0, 1.0, 1.0, 1.0, 1.0, 1.0, 1.0, 1.0, 1.0]}, "1": {"level 1": [0.5494377927060196, 0.5866176885837943, 0.5531090440415904, 0.12862836700117186, 0.12862836700117186, 0.4287495633541422, 0.58669689516606, 0.5494377927060196, 0.30927608864852973, 0.4143938180848322, 0.49889043682908985, 0.473671340685734, 0.4195738467630082, 0.5499752676882675, 0.5371698223141903, 0.5320436871924581, 0.5568549053496341, 0.44932344917979855, 0.1474453069420782, 0.41801629324079825, 0.4223144919457399, 0.5194176204755157, 0.5070191807254909, 0.4168944380868684, 0.41998159022009424, 0.4531954296157253, 0.5385886057961662, 0.34484185620366714, 0.5410932163177213, 0.12862836700117186], "level 2": [0.5615311410099331, 0.3171932110189674, 0.3726188895272578, 0.3158445187900356, 0.4644940906826256, 0.4918646531136909, 0.3151015642487802, 0.31546437356011203, 0.5455631653887022, 0.5435750359280811, 0.5392406531190913, 0.4661344053785368, 0.3193528115310813, 0.3101355478425566, 0.46714659357867266, 0.5349433321105705, 0.5078247349893485, 0.5494377927060196, 0.5517680036133799, 0.5897878066451998, 0.33240601583175494, 0.5728020952920172, 0.4938266563470395, 0.3155320253108978, 0.35252415398212017, 0.4983238523738728, 0.20323044192651393, 0.3148697099258319, 0.23496048296965794, 0.5332500790628194], "level 3": [0.3268008484932746, 0.5196819761859925, 0.308679920775283, 0.5266220752043762, 0.30052782529943173, 0.5219613094632363, 0.3742778535223444, 0.3007167266511402, 0.5266220752043762, 0.5165800026620057, 0.5195587167259551, 0.5409788196981199, 0.519257415590753, 0.5307067465978106, 0.5469918725212548, 0.33799127116121547, 0.42776456935149676, 0.5770542554867084, 0.3413414907446109, 0.33425262066643824, 0.521549899545767, 0.5140251770637956, 0.5176804744922446, 0.3248962197133721, 0.5140251770637956, 0.4124877160766918, 0.3088135800694976, 0.5087962908053871, 0.5712376277987161, 0.29891687953091656]}, "2": {"level 1": [0.3940296782578562, 0.3940296782578562, 0.3940296782578562, 0.38710461340068947, 0.41010179263546, 0.3940296782578562, 0.38710461340068947, 0.3940296782578562, 0.5458215466196183, 0.38670504666891414, 0.46266106749238634, 0.38670476804170983, 0.38710461340068947, 0.41209542098792723, 0.46226486469287636, 0.39715336618792785, 0.38710461340068947, 0.38710461340068947, 0.3940296782578562, 0.4097171628204621, 0.5023863297833384, 0.38756085451009537, 0.392087892022164, 0.3578122777611289, 0.43856805158476864, 0.3940296782578562, 0.38658934075634444, 0.46220515591240663, 0.38710461340068947, 0.46221106274600954], "level 2": [0.5615153182696371, 0.7624324475255708, 0.7624324475255708, 0.7590903508523048, 0.7624324475255708, 0.5665246865562567, 0.3572694923871978, 0.4799435332855423, 0.43528648761479083, 0.6004364046976777, 0.49052905929891044, 0.5615153182696371, 0.5051140850224609, 0.5615153182696371, 0.5051140850224609, 0.5615153182696371, 0.7624324475255708, 0.7624324475255708, 0.46359489564916057, 0.5615153182696371, 0.47422176362679125, 0.49379028251249807, 0.4803019872305071, 0.47422176362679125, 0.5128364430157146, 0.4352361896976008, 0.47807425753693555, 0.4620187908404456, 0.3599745492564791, 0.5409748452766436], "level 3": [0.7926798602946366, 0.7926798602946366, 0.7926798602946366, 0.6203200777944643, 0.7926798602946366, 0.7926798602946366, 0.676033757551882, 0.7926798602946366, 0.7926798602946366, 0.7926798602946366, 0.7926798602946366, 0.7926798602946366, 0.7926798602946366, 0.7926798602946366, 0.7926798602946366, 0.6155057483125755, 0.47382883650047125, 0.6155057483125755, 0.5033987243643576, 0.5033987243643576, 0.771924732666065, 0.7926798602946366, 0.7926798602946366, 0.7926798602946366, 0.676033757551882, 0.6189609294170758, 0.7926798602946366, 0.7926798602946366, 0.7926798602946366, 0.7926798602946366]}, "3": {"level 1": [0, 0, 0, 0, 0, 0, 0, 1.0, 0, 0, 0, 0, 0.361613837301494, 1.0, 0, 0, 0, 0, 0, 0, 0, 0.46740971308164025, 1.0, 0, 0, 0, 0, 0, 0, 0], "level 2": [0.6234687684435771, 0.8112518850602417, 1.0, 0.6234687684435771, 0.8112518850602417, 1.0, 0.8112518850602417, 0.6234687684435771, 0.6234687684435771, 0.8112518850602417, 1.0, 0.4670390376165356, 1.0, 0.8112518850602417, 0.8112518850602417, 0.8112518850602417, 1.0, 0.8112518850602417, 1.0, 0.6234687684435771, 0.8112518850602417, 0.6234687684435771, 0.8112518850602417, 0.8112518850602417, 0.6234687684435771, 0, 0, 0, 0, 0], "level 3": [1.0, 1.0, 1.0, 1.0, 1.0, 0, 0, 0, 0, 0, 0, 0, 0, 0, 0, 0, 0, 0, 0, 0, 0, 0, 0, 0, 0, 1.0, 1.0, 1.0, 1.0, 1.0]}, "4": {"level 1": [0, 0, 0, 0, 0, 0, 0.2991903392446505, 0, 0, 0, 0, 0, 0, 0.305961415829202, 0, 0, 0, 0, 0, 0.37945503670727465, 0, 0, 0, 0, 0, 0, 0, 0, 0, 0], "level 2": [0.800113736920034, 0.7314713808655917, 0.7314713808655917, 0.8064713808655917, 0.674097074052081, 1.0, 0.7161428231422731, 0, 0.6496645625324887, 0, 0.6611956284325554, 0.7050716414907954, 0.7814713808655918, 0.7480737128088442, 0.7956168020631448, 0.3824739675534811, 0, 0.305961415829202, 0, 0, 0.6496645625324887, 0.7956168020631448, 0.6496645625324887, 0.7314713808655917, 1.0, 0.5952676854538383, 1.0, 1.0, 0.7099843129029891, 0.6023358824160836], "level 3": [1.0, 1.0, 0.5244908838811917, 1.0, 0.47995746061062516, 1.0, 1.0, 1.0, 1.0, 1.0, 1.0, 1.0, 1.0, 1.0, 1.0, 1.0, 0.5244908838811917, 1.0, 1.0, 1.0, 1.0, 0.47995746061062516, 1.0, 1.0, 1.0, 1.0, 1.0, 1.0, 1.0, 1.0]}}